year,plot,rep,microbe,n_rate,V8_leaftip_d15n_permil,V8_shoot_d15n_permil,R1_shoot_d15n_permil,R1_leaf_d15n_permil,R1_stem_d15n_permil,R1_ear_d15n_permil,R6_shoot_d15n_permil,R6_leaf_d15n_permil,R6_stem_d15n_permil,R6_kernel_d15n_permil,V8_shoot_n_kgha,R1_shoot_n_kgha,R6_shoot_n_kgha
2021,101,1,PROVEN40,0,11.8155606764,9.260072532,1.8744506986894247,5.988614310999999,3.6404076536,6.968632872200001,1.5150275825255957,1.0358595476,1.3707101588,8.8975148252,40.29999310135018,98.29016699675911,77.17319129484956
2021,102,1,UTC,0,13.4767796015,12.11951197,2.2920663059442554,7.780797337,4.090500699200001,7.168826864100001,2.2671781159576945,3.1600880899999995,4.3775931662,9.6148722767,22.485329484240513,106.92023851892156,125.50454006858196
2021,103,1,PROVEN40,95,7.8483804902,6.188080088,2.449901934427817,7.478090807999998,5.853782808800001,8.8522315152,2.653810705545169,3.2470974511999997,4.443459173,10.3342647848,41.531381779446995,198.7627467329458,183.9311399467938
2021,104,1,UTC,95,12.1087169573,9.838577636,2.1927472269560297,6.434655388499999,5.199193145600001,8.6826090196,2.163230197428263,3.4271168191999997,3.5373025946,8.633974995500001,36.77374370498203,198.02445514692437,176.74260320056297
2021,107,1,PROVEN40,175,6.325176721400001,3.23239023,2.2514094800756848,6.123930143499999,6.712869089600001,8.563281566299999,2.0550166110669745,4.0261812716000005,7.035186743600001,6.62,57.749545669849326,218.4579798509516,216.94311876944042
2021,108,1,UTC,175,11.521396985600001,9.533784652,1.8146028206155298,5.1676982605,4.558637564000001,7.0021629004,3.303451636599567,5.2573137272,5.511286859,12.8404369877,37.19741029912444,239.37931218638448,188.22808344254867
2021,109,1,PROVEN40,215,7.7113727438,4.126717012,1.3071110346001136,3.5599457025,3.476008412,5.664906481600001,1.9487435857080098,1.8529474568,3.0682567886000003,7.7293923368,62.98423921820632,209.38879372533847,230.13361585721051
2021,110,1,UTC,215,6.177087466100001,6.105866191,1.9397704913605496,4.9271367805,6.277812560000001,7.9143769029,2.4589349201009907,2.7010387015999995,3.75984986,9.6799940879,42.13157612114872,212.5209398478536,234.05769832417545
2021,117,1,PROVEN40,255,7.330571801600001,4.035479638,1.3562837955807812,3.366494179,4.2338488184,5.5307863688,1.4455737283654948,0.5398061780000001,2.7139775096000003,6.1023645851,81.08737500815685,220.2986640428386,318.32773527438854
2021,118,1,UTC,255,11.2191740156,4.763373409,1.8358921553910215,5.242873722999999,5.4678455648,6.2931014217,2.6584649865191596,4.8822733772,6.314043488,9.422559428000001,55.15286555879972,243.16201470941644,257.7205958776015
2021,201,2,PROVEN40,135,6.039442365500001,6.686376512,1.1441286991833044,3.3672368089,2.5126689536,4.430212502000001,1.2067354602973823,0.5688092984,1.0543537322,5.2740965489,52.313782711467425,225.27412641280594,218.9498516597224
2021,202,2,UTC,135,7.774839567500001,5.823130594,1.9484011193944983,5.883368663499999,4.802229123200001,7.598800166900001,1.4463353062629218,1.8239443364,0.5892998054,5.9477002835,44.38682573508966,196.47373574313013,226.67108884389785
2021,203,2,PROVEN40,0,8.837657012000001,8.240419687,1.5960636512031952,5.485439881999999,2.7231801776,4.9321767477,1.2293744157922688,-0.035255692000000005,2.1770697572,5.486759963599999,38.12482680703372,108.61966906214617,102.81104674557295
2021,204,2,UTC,0,10.768551790100002,11.33146169,2.0992396394305444,6.767432102499999,4.726044108800001,6.942006085100001,1.3065936362700497,0.8218365212000001,2.6127765198,6.3211331695999995,28.35293959092,70.73035185011872,123.07255616107682
2021,205,2,PROVEN40,255,7.8333400546,5.255654183,1.3218266399399956,3.316377204,3.2243973776,6.6057196258,1.4803698827192664,0.3067811072,3.4923939535999997,6.0809964908,42.81874267018456,222.7916593389525,287.878422552617
2021,206,2,UTC,255,5.4499279867,3.8540075,1.5937908717392102,4.112234766999999,4.758122009600001,7.074153843300001,1.8145210833141032,0.73482716,6.714838437799999,6.7535826971,34.80610515291825,211.27510021368792,251.26786119114078
2021,207,2,PROVEN40,215,10.071753669700001,9.168835158,1.4750883382957298,4.284637160999999,4.34812634,5.038683896100001,3.1296408278390313,4.4012216216,1.923585428,12.170903366300001,32.49316110440914,199.43567560576628,255.64402689162696
2021,208,2,UTC,215,6.7408169901,7.490468529,2.0710261325229435,5.392222308499999,6.0011406656,9.0346743157,2.7486801919461024,5.282316417200001,5.827643285600001,9.7237478048,35.634493900001566,217.38015309702726,315.13990264487256
2021,209,2,PROVEN40,175,8.0437891979,5.114286384,2.4205130517857216,7.931148261999998,5.0839131896,7.462707699500001,2.9585609798968946,3.8341606123999994,5.8476026816,11.39656433,52.26986605231851,205.04985012620722,178.54962724604826
2021,210,2,UTC,175,10.7675448564,7.236808579,2.759409475993696,8.1586793285,7.770437381600001,9.4409793633,3.3111475674582693,5.3463233036,6.3904982528000005,11.8605572348,54.41274068549608,196.8913552261321,248.52263957501523
2021,211,2,PROVEN40,95,10.1321696917,6.938031246,2.506118387283875,7.278625247499999,6.377053565600001,9.2762877542,2.67677714090928,3.9431723408,3.8117442895999996,10.5835592183,46.82161698496291,188.92938714158743,210.82062012118047
2021,212,2,UTC,95,10.778621127100001,5.724874961,2.92034601290069,8.7881485345,6.9504460424,10.8097934557,2.6283762991844584,3.4321173572,3.4534731313999996,10.5581210108,42.978909309433526,159.7135703685472,193.7335961159171
2021,301,3,PROVEN40,135,6.9844949455,2.995774624,1.5087489024233989,4.501142493,3.5852737616,5.8581972324,1.7893095985235992,0.4908009056,-0.2892830224,7.539114544699999,48.93951940019305,204.2983982623601,257.40499872505757
2021,302,3,UTC,135,8.229064998700002,4.513723893,2.0823815533417718,6.254234278499999,4.870394662400001,8.6175213178,2.2425785325617187,2.1829829648,4.0021786892,8.3867156186,38.9731072173786,163.7664972629333,216.9017854452327
2021,303,3,PROVEN40,175,4.645387960400001,4.145766573,1.3695628638807182,4.611669125200001,2.3041625984,4.1392901985,1.8826109371513817,0.9928549208000002,3.4035638375999997,7.491290714599999,37.91643795381733,198.83995369618987,255.41497138664286
2021,304,3,UTC,175,8.732531848700003,5.278714178,1.5789701187544567,4.953872648300001,3.7456632656,5.356232986700001,2.0082454882091985,2.0529689768,6.323452202399999,7.2002776208,37.70632687867353,185.56167204599237,283.17245136939044
2021,305,3,PROVEN40,215,5.8758609418,1.144959333,1.3485552614136083,3.8000452073,3.4148599136,5.6008049571,1.5848754313068103,1.5369134552,3.4193705632,5.973138490999999,39.93402094177596,223.13777464576825,262.4110670642501
2021,306,3,UTC,215,6.606894808,3.963291826,0.923395392500319,2.1511567617,1.907198576,5.3493297456,1.6656034231426107,1.9209547735999999,2.1205825863999994,6.4432365655999995,37.48932691582012,232.90840357949085,253.9166383841151
2021,307,3,PROVEN40,95,8.200870855100002,2.817310311,1.4925618700967878,4.5308025866,3.7175951024,5.1875966684,1.7883041295740085,1.3508719216,2.334747952,7.4495720543,48.161075089004584,171.88902073695158,187.53101415200481
2021,308,3,UTC,95,10.685983226700001,9.166829941,1.5724297901618887,5.043614782600001,2.6435817872,5.7793030484,2.282786330973363,4.6422475532,3.5662437187999996,8.1933852416,43.81935361000869,204.34884599402528,195.8777623091896
2021,309,3,PROVEN40,255,8.733538782400002,3.634436238,1.3148076706096965,3.4469937339,3.940927159900001,5.3463712137,2.6107291530865107,6.675466304,4.594152612799999,8.6828163539,54.5444906629428,233.37252271081033,261.32477563741753
2021,310,3,UTC,255,10.485603420400002,7.862436283,1.7905521778646527,4.996278272200001,5.8371247411,5.9952758771,3.544740409083308,5.7343650524,9.0201486758,12.5423011958,39.972340379660785,212.18096600402316,297.9095036712639
2021,311,3,PROVEN40,0,15.313850511900002,9.956885439,2.302866089786377,7.5475189473,4.390821172,7.2930852039,2.8952914017248985,3.7780469868,5.8046899802,12.043712328800002,43.601492536191564,120.79248737498538,105.20837954961738
2021,312,3,UTC,0,16.63595446,13.42992128,3.188473297505599,9.8384088152,7.854099238300001,10.268382118,2.246603370147267,1.3958982835999998,4.223905817,11.524772895800002,35.08786066024223,89.01348715742758,83.02056500385227
2021,313,1,PROVEN40,135,10.172447039700002,4.444543906,2.411014801069146,7.117545644500001,4.820585698099999,10.1214417003,1.3585985493769182,2.9390643103999996,2.7538963016,4.667334454400001,41.83277061674342,209.8695825419038,187.56502803338404
2021,314,1,UTC,135,10.588310657800001,8.631437002,2.1485578334778137,6.384815910600001,5.690179493300001,7.9262110305,1.8324467082244247,3.1210838936,6.3875043434,6.1515329184,34.09999416268093,201.96990643906733,195.03860971668195
2021,401,4,PROVEN40,175,10.867231292700001,2.832349438,1.7054343251407527,4.959789712100001,4.602180775,6.214207237700001,1.761143315875386,3.8686285682,3.4015787018,5.9790449888,47.981533453072274,206.49967406667116,239.77203039588474
2021,402,4,UTC,175,9.415232897300001,6.725478244,2.29154258345845,6.4331385983,6.6100970035,9.057356393600001,2.6215350661277648,5.087149694,5.109105029599999,9.0176404928,25.822995579557464,195.56786995279484,236.74780884135748
2021,403,4,PROVEN40,95,7.2785195859,5.099247257,1.917358314917229,5.762561278400001,4.2438759242,7.511030387200001,1.3553875049028514,2.6950160834,2.0403478946,4.8719131616,39.34545159808422,193.0709265733332,200.34215619464103
2021,404,4,UTC,95,9.638772178700002,8.994381279,1.9039305271790352,5.890872881600001,4.186506889099999,7.4498873946,1.9491364285707597,3.620134088,3.146098433,6.947785337600001,28.29955071117035,192.82833878541294,188.57683336555078
2021,407,4,PROVEN40,255,7.750771491200001,4.01442486,2.270337011611937,6.558494192,6.3574719542,9.4429517179,2.2316402027368674,3.7608478298,4.626087646399999,7.928559728000001,49.24478323682614,211.36502877883015,247.10707228310312
2021,408,4,UTC,255,11.730173473600003,9.56185769,3.058327398412784,8.256618065600001,8.989402248700001,12.7111432901,2.1372087891756513,4.029301706,5.048228871799999,7.4692604736,38.450326751313845,188.0555446939613,304.3041017972269
2021,409,4,PROVEN40,0,12.118849881800001,9.916781099,1.8734982180726634,6.6096183464,3.0803916334,7.092891212000001,1.4603513891525985,3.11116949,3.3846132152,5.297115964800001,33.03221656768788,120.67360619862662,114.41796084963707
2021,410,4,UTC,0,12.533706566200003,9.881689802,2.4884607628974234,8.369893152800001,5.0631460044,8.600756303699999,1.945755365319819,3.9574478804,4.6650084686,7.2777186448,29.302314428403733,90.44357068115298,91.860729718766
2021,411,4,PROVEN40,215,6.8556074319,4.70923255,1.4075163760456026,4.137615116,3.1719807947,5.958787317000001,1.5967263196080683,2.5383348247999997,4.0063484006,5.8316279792,48.59249168182033,241.25859985989354,232.18634929289198
2021,412,4,UTC,215,11.4764261812,5.168427243,1.3230718597662967,3.6855172016,3.2585375845,5.827625736100001,1.875151686385755,4.0481836388,3.7169371586,6.534616576000001,45.91960325048291,214.12122963145794,215.28203580284497
2021,413,4,PROVEN40,135,6.254468013,3.481037138,1.1744982930880932,3.6544417352,2.5952710208,4.607724416000001,1.1817710356281792,3.2811011096,0.8757171380000001,4.1909869744,38.39134065030012,180.5923511390104,220.31049302598333
2021,414,4,UTC,135,7.8393816568,2.815305094,1.698905333239722,4.9165066448,4.3998794407,6.932144312100001,1.113007988025142,2.9420646332,1.903626032,3.8781018928,43.988561914376525,184.93304944185175,218.8995627819364
2021,501,5,PROVEN40,95,9.2720458204,8.963300416,2.109756821258905,6.386075475200001,4.5729930203,8.798977941,1.7008423365035892,4.413222912799999,3.8678534499999997,5.682205296,36.941660342904335,177.2535886546319,171.48679547206402
2021,502,5,UTC,95,12.022184246600002,11.50090253,3.1882817908841616,8.862088443200001,10.0602909039,11.5257581755,2.64809819422602,6.2884246628,5.86031161,9.108898641600002,37.008826998073246,192.15891932001267,146.2088843863157
2021,503,5,PROVEN40,135,11.323372258800001,12.40826322,2.5446371075534366,7.002572631200001,7.185800303100001,10.0829807856,2.806804278152525,5.4833380448,7.7237401000000006,9.7848106448,34.41171633154179,204.83709230135852,216.52074386269334
2021,504,5,UTC,135,15.430654821100001,12.11449893,2.7111382185161688,7.1719840448,8.113769607700002,11.4409469277,2.4676781119466464,6.5574536072,5.24617039,8.443015006400001,36.784938147510196,198.567535945198,167.3409769429434
2021,505,5,PROVEN40,255,8.897668975500002,4.684167338,1.7702312166712184,4.485459852800001,5.3983019463,7.828579477800001,2.5825236468104067,5.3163200756,6.2734066,8.936410712,50.43957469896553,228.95900420400014,261.4332756134626
2021,506,5,UTC,255,9.676028725600002,6.606167832,2.238902577194779,6.047252648000001,6.0585490871,9.4064631578,1.9888295118645327,4.6512485216,5.657264919999999,6.43934708,40.37103475585577,184.6781787279608,240.59008577082807
2021,507,5,PROVEN40,0,10.466471680100002,13.70463601,1.8514632153145845,6.270795519200001,4.0959242021,6.644180540500001,1.2859161830865173,4.1561952596000005,2.89062874,4.1889813008,44.8828256501832,134.78098535184282,115.18007501470899
2021,508,5,UTC,0,13.902129464500002,9.634045502,2.183781800382132,7.334378417600001,4.3425104056,7.519905982900001,1.8232014958384948,4.9622819852,4.32495856,6.3059697856,43.86714526849427,117.61340292822527,92.88717393658959
2021,509,5,PROVEN40,215,7.1687638126,5.15739855,1.4868828996558179,3.902043032,4.3223809196,6.548521342400001,1.3357434630941087,2.3450003959999997,4.22693602,4.5048748928,54.009740754482586,249.88603932649087,306.57711897982904
2021,510,5,UTC,215,9.688111930000002,5.524353261,1.8300575442501976,4.940565070400001,5.6972248134,6.8424021778,1.506605130120728,2.9760682916,4.99611289,5.0614493168,56.684781963229256,240.5163601905244,236.4567533500618
2021,511,5,PROVEN40,175,6.867690636300001,3.561245818,1.3103068279550627,3.4419256424,4.0576781787,5.4548507167,1.487836761921029,2.5530227768,2.9126337999999996,5.392385460800001,60.11415637618069,244.21045017619664,268.3867463004808
2021,512,5,UTC,175,9.2923869859,2.66391121,2.1337415514621303,5.9059093976,6.4450352183,7.699390251500001,1.7206967473195098,2.2889943703999998,2.46953191,6.717132873600001,63.64040577254883,227.34116738329487,214.8105775736013
2021,601,6,PROVEN40,255,7.0167168239,2.787232056,1.288028250991079,3.2584801472,3.2343822013,6.0544465151,1.4158159234742282,1.9619591851999998,3.9838801299999997,5.080503216,59.16348987225139,230.8637350813056,202.0570942782351
2021,602,6,UTC,255,7.2754987848,7.789245862,2.0136752943330904,5.632244806400001,5.504988222100001,8.0928749942,1.9449332000409785,2.7990492464,4.405977190000001,7.0982108576,37.50999357894902,215.4762995715769,233.7219898916273
2021,603,6,PROVEN40,175,6.3682515211,5.577491511,1.8584045541489775,4.983669749600001,4.8678899902,8.3147648867,1.9389047741542267,4.0471835312,4.34696362,6.6419201136,48.091325100944545,200.92936713898249,221.53800664385884
2021,604,6,UTC,175,8.883571903700002,8.632439611,1.3003666843375565,3.531142304,3.5282726969,5.403569497100001,1.5315493140900862,2.7600450499999996,3.6428016999999997,5.341240784,40.37534031067428,233.98579165748768,218.55942396814413
2021,605,6,PROVEN40,135,7.8997976788000015,4.384387396,1.9827628057025193,5.332516920800001,5.4919040562,8.333502255400001,1.2557903298567659,0.7608299576,2.46353053,4.8267855056,47.275853018316795,210.79825948047028,180.36527962296194
2021,606,6,UTC,135,9.972067233400002,12.26990325,1.7780246275899823,4.7781706976,5.0279194039,7.331546118600001,1.8194871060453461,2.9340637723999996,3.3157264899999994,6.695070464000001,25.379075655548743,223.76859062954654,197.6641369147895
2021,607,6,PROVEN40,215,4.6494156952,3.757757084,2.124741930052308,5.4878942528,6.5889610432,8.970572791199999,1.9252579773136602,3.5711323135999997,4.9380995500000004,6.4132733232,49.36964432656323,201.68345105839472,230.48416667314842
2021,608,6,UTC,215,8.223771823500002,5.672739319,1.8415768876804766,5.1059667464,5.4496321356,7.025831155600001,1.1669140336359476,1.6469252912,4.147917850000001,3.9803912464000004,37.27224084187032,213.82380735259724,209.89320365927102
2021,609,6,PROVEN40,95,6.4840488966,NA,2.0032040208751893,5.941997036000001,5.1909682405,7.3167534591,1.635623846866799,2.3590019023999997,2.4075176499999995,6.169583980800001,42.98149264232463,187.6835475074217,210.13558378797998
2021,610,6,UTC,95,8.429444805000001,NA,1.836028595223503,5.015747650400001,5.467748673,6.9834255317,1.4144267884557282,1.8139432604,2.3455033899999997,5.3653088672000004,52.25221327756258,221.87087856708152,217.81632492331843
2021,611,6,PROVEN40,0,10.618518668800002,7.845538221,1.8773722432061941,6.2567614376,3.24344047,6.910448411500001,1.1263420721476252,2.9390643103999996,2.32949971,4.2391231408,49.72915815390968,145.47371108521904,69.85719291009339
2021,612,6,UTC,0,11.904373003700002,9.818524516,1.9988292068866247,6.719886130400001,3.9821926062,7.047527056200001,1.4988888386326187,3.0460758236,3.36573799,5.6952421744,33.641314796754315,115.85957656998784,87.1999668588916
2021,701,7,PROVEN40,95,6.8626559678,5.880535685,1.8254554550228963,5.2322336868,4.5277016768,7.704321138000001,1.5814632662970534,2.6910242042,3.0626683,5.5006918352000005,49.67792205156929,151.11552218909395,201.80877014194957
2021,702,7,UTC,95,7.3731713537,6.950359311,2.581762163185304,7.684572745,6.927213425600001,8.867024174700001,1.8575895384613013,3.8576509004,3.4627603,6.222734331200001,45.008547850884,177.13733953383823,186.69401433679968
2021,703,7,PROVEN40,135,8.193822319200002,5.368577178,1.6766075907850002,4.2871543191,5.449919830200001,6.799996553900001,1.9217668477096304,3.3586660004,3.89585989,6.5887697632,39.55599322870987,194.70192367186422,249.15081999187956
2021,704,7,UTC,135,6.827413288300001,5.934426054,1.6553460046190092,5.228840969999999,4.382875991600001,4.923301152000001,2.01887357491626,3.1351207652,3.06066784,6.860538536,34.88512069494774,238.2448962378097,265.0898189083844
2021,705,7,PROVEN40,0,8.701316904,7.257734009,1.6376222893137617,5.349121709999999,3.3680995499,5.5850261203,1.2583906794335575,2.317783499,1.99942381,4.609169920000001,41.71049285989745,122.57131826109166,116.29259932463874
2021,706,7,UTC,0,8.741594252000002,8.835524263,1.6648319880604172,5.085506421499999,3.8562573134,6.233276994,1.8453158731006472,2.3447286836,2.53154617,7.319336496000002,36.90687145997068,128.1872474852427,101.65026922407446
2021,707,7,PROVEN40,215,6.5635966589,4.595150583,1.3413704362929082,3.6401328625,4.7911533938,4.2056452,2.2503632591963734,3.704961521,5.71927918,7.578766337999999,50.3284913846477,230.786089442134,313.9455417974553
2021,708,7,UTC,215,6.2433917423,8.125967735,1.0651205687407355,2.8823642005,3.5396944001,3.737406409999999,1.4653207614842447,2.622164288,4.00588519,4.990644819000001,36.150023811751915,217.48982207890805,342.42118828831104
2021,709,7,PROVEN40,175,5.7600635662999995,4.819693788,1.4941113487871818,4.471072307999999,4.509106686000001,4.471857366,1.409119358409825,2.5443226436,2.7025854999999996,4.948435995500001,43.22174260119807,229.92233654084094,343.64870190618643
2021,710,7,UTC,175,6.396445664700001,5.90548493,1.3969080479383023,3.967897879,3.9923497808,4.98955059,2.198834371463327,4.0372854644,5.4332134000000005,7.813488575999999,41.953326151661976,247.4715670214036,213.22484181259276
2021,711,7,PROVEN40,255,7.194944088800001,7.373498506,1.5049443316127045,3.8085258985,4.6629503448,6.805685762,1.6761180723387046,1.9844615858,3.4937674299999997,6.086015263,41.30921515081135,228.58349761004035,270.23985700245765
2021,712,7,UTC,255,6.3873832614,6.227829175,1.676022157251334,4.589348369,5.3148135401,6.192240336,2.197407067979103,3.8656346588,3.31772695,7.944232980500001,35.1746606453836,203.81760944579477,302.1943916141249
2021,801,8,PROVEN40,0,12.477318279000002,8.912367937,1.59034212799009,4.734941287700001,3.7487639877,6.66258357,2.009541713621324,3.5562640208,3.56378353,7.595238073999999,37.968104611639575,91.49025144422313,85.23275895988317
2021,802,8,UTC,0,12.812627201100002,10.18278349,1.4047187317247067,1.8769994723,6.021902664200001,8.2288430935,2.150517344585928,5.361591389,3.8038387299999994,7.8762870695,36.679486498895,84.10426485251628,84.45431468730554
2021,803,8,PROVEN40,255,10.2580364042,9.355466529,1.6931427971853112,4.428240147400001,4.0692716102,7.593359850499998,2.0829274154874575,3.5622518395999996,3.95787415,7.2390367829999995,35.7597855452205,232.74740951408987,245.66418187277907
2021,804,8,UTC,255,11.165283667900002,10.43626782,1.1897117044756882,3.5673073645,2.980531871,4.3056862905,2.433683958327735,3.3476883325999998,4.537007320000001,8.7760556485,29.97355042461105,197.93935201698486,231.00290733195294
2021,805,8,PROVEN40,95,8.990306875900002,7.037182683,1.841141361426957,4.996278272200001,4.566304969400001,8.4433437465,1.6374040416080629,1.8527295722,1.66934791,6.118958735,45.12049227616553,199.39049198523136,202.53357340414797
2021,806,8,UTC,95,8.492881628100001,9.893372251,1.6189364891080622,4.4381019204,4.392737764600001,6.5909739918,1.417121960711234,2.3008180123999997,1.6293387099999999,5.384936999500001,37.987049052841066,198.1174544435593,274.845939318849
2021,807,8,PROVEN40,135,7.5101143369,4.251848971,1.7201608351451878,6.516963668800001,3.0140618992,3.920797673900001,1.5624936815216433,3.2419035338,2.4265220199999997,5.3993497685,50.63892188706302,206.50011274259867,242.86643249047296
2021,808,8,UTC,135,7.8323331209000004,7.132987784,1.7540942894552893,7.546532770000001,2.3819222499,2.668743644700001,1.2834440058264422,1.9754798575999999,0.9961931199999999,4.700330472,33.02208990275473,210.2569333859068,283.8738262145392
2021,809,8,PROVEN40,175,7.9219502202,3.633107695,1.535014522041606,5.196472264100001,2.980531871,5.019352014499999,2.0500186385157306,4.0372854644,3.12768325,7.250361101500001,24.007773668069298,211.5913855574321,201.15551114395547
2021,810,8,UTC,175,8.1042052199,6.641986642,1.7362428610447458,4.6905633092,5.015015640900001,6.890719860999999,1.9194893174265484,3.3816193058,2.8326154,6.809742163499999,38.97732666110074,212.28098411549843,272.02493994167605
2021,811,8,PROVEN40,215,6.777066603300001,4.132092595,1.8887052888711178,8.521260747200001,2.1442535206,2.229841186,1.5878164541524062,2.3846474756,3.9038617300000005,5.63510149,48.55589446586289,220.0380905418899,270.51885694085934
2021,812,8,UTC,215,8.006532651000002,4.083192075,2.045655946210686,7.455672980000001,4.1678893402,4.696598695499999,2.1967017514283875,4.0173260684,6.32641879,7.253449552000001,37.60826356212692,191.24428001112693,318.45173524701147
2022,101,1,PROVEN40,215,8.23,3.1027414247999996,0.5716510378012645,1.2914408296,2.204564584,2.2619226789999995,4.321660771236611,8.1170637404,3.2260560222,15.31990575,33.22708713733929,159.61136476692715,275.03732369177584
2022,102,1,UTC,215,6.5,4.294459230000001,0.559758898542267,1.3152392871999998,1.9541266672000004,2.305917280199999,3.5700119635569685,7.1402194112,4.058871481,12.3549105532,29.04925956295525,129.9046468837193,219.3915760066315
2022,103,1,PROVEN40,175,7.5,3.7649144375999994,0.6649676102225319,1.8655786192,2.345314576,2.2069294274999995,5.02748635760087,11.406501194000002,5.205800959,16.9252788232,28.303444284731658,129.90988947036104,221.0964050865095
2022,104,1,UTC,175,7.72,2.7832719888,0.6429782213061728,1.5482658512,2.4200576752,2.6248781388999998,4.37100985820515,8.103539804,4.632336220000001,15.4657579396,33.969375728319726,107.34434160814124,253.97050720471262
2022,105,1,PROVEN40,135,7.9,5.9266576212,0.765985304180837,1.8130236919999998,2.7607697248000003,3.2686960151999997,5.725392152076183,10.999742799200002,1.3079866406,20.566588625199998,25.67603065909451,108.73634720365439,200.75548521137938
2022,106,1,UTC,135,6.42,3.8762446956,0.7964546309728181,2.05596628,2.5443059439999995,3.1873846184000003,5.058047496075577,14.90023079,0.41312499860000007,16.9892140296,33.959815717384785,128.92074067972982,172.818745233602
2022,107,1,PROVEN40,0,8.15,6.591734901599999,1.5990032626136044,4.7541164104,4.8166902976,5.1656314064,6.020014257139253,6.891587042000001,2.7922226743999996,25.4206693736,14.665879140725584,30.71659189192049,75.32086696414399
2022,108,1,UTC,0,8.42,6.8521508963999995,2.2510827194281604,6.653035006400001,6.7279781199999995,7.6862847072,7.985910381201012,15.7872162848,1.9405612496000002,27.8352224028,18.831972177287074,42.28744714509956,101.14159459602462
2022,109,1,PROVEN40,255,8.49,-0.783168624,0.6170557394245781,0.7500259192000001,4.4711248,2.6965414304,4.768470672949175,2.5895550948999997,3.8897139066,18.5576245616,27.92785209333498,115.30758558845835,262.45195280340045
2022,110,1,UTC,255,6.39,0.9468067763999999,0.7850042968422857,1.7495611383999998,3.0840093615999997,3.3658730504000003,4.639363016210797,2.0448996984,3.9298283940000003,18.527654933599997,36.00289047778621,133.43346120954513,260.5083211344115
2022,111,1,PROVEN40,95,6.83,5.636797917300001,1.1050011142811915,2.7481047552,3.8159093200000003,4.9226888184,5.82072546310897,1.7950577734,2.6965650506000003,23.7503621064,24.246212017848645,88.17198876029562,200.76813700417998
2022,112,1,UTC,95,7.83,1.910843625900001,1.2382094547529008,3.309351713600001,3.8731800064,5.065479564,5.968024278939338,2.4396499399,2.9598806602000005,24.0820259896,26.4345926185647,89.82010617894495,153.76988969823103
2022,201,2,PROVEN40,255,8.57,4.8307504773000005,1.113937619148501,2.8601558263999998,3.5014058896,4.4298624256000005,4.975786135104996,3.3021042649999996,5.2165777206,18.5776043136,29.889860491366694,121.22308155240835,257.3928171572691
2022,202,2,UTC,255,9.2,6.487177966499999,0.9762087493069833,2.388153084,3.3965714128,4.0322298631999995,3.296208652775093,2.6695045109000004,4.3340589978,12.823435737599999,28.470092118026777,133.21687833154024,270.97926115099034
2022,203,2,PROVEN40,215,8.15,8.643354868500001,0.9538517552126665,2.1114960144,3.2985317631999997,4.8552598552,3.7302219731018234,2.4916170603000003,3.3394254256,14.1041378408,28.544816769255192,104.12045130355031,223.94463994073965
2022,204,2,UTC,215,10.13,4.656442718400001,1.2622757895408805,3.2329983288,4.3488179104,5.017882648800001,5.400277844465762,3.2351466291,4.6889179248,21.0061431692,30.881444752112024,110.16949484788091,255.24833827757104
2022,205,2,PROVEN40,95,10.84,5.222691045000001,1.483290080165338,3.8874559127999992,4.5885782416000005,5.9956026152,7.417696875985136,3.3470758115,4.1736010482,27.1688976736,29.281388331363868,83.93925240515706,224.28940129455543
2022,206,2,UTC,95,7.53,4.8962418318,1.5975682910864488,4.3842487152,4.7380644400000005,6.564782392800001,5.8095005082172895,3.2831162786999997,3.2962252084,23.3737437812,32.82547178962592,95.551225984938,167.82603149967375
2022,207,2,PROVEN40,175,5.95,2.191952670600001,0.6714984184109484,1.5611566823999992,2.156030104,3.1675525704,5.263108634730066,1.7580811684999995,2.5885645075999992,20.5516038112,24.378027884089672,137.85187843877318,198.8260868092912
2022,208,2,UTC,175,8.06,2.3995098864000006,1.1888949784398708,3.4214027847999997,3.6538041568000006,4.213693102400001,5.973698276025729,1.8800040279,2.842622927800001,23.2458733684,22.01214263038149,66.66500849432971,235.41823453676432
2022,209,2,PROVEN40,0,12.34,8.3753440947,2.158675660681186,6.587589248,6.689150536,5.184471852000001,7.1019819782701505,3.9586888439,4.9882337154,33.43254992559999,16.998078996102226,44.47470489920458,56.86348274220004
2022,210,2,UTC,0,12.42,7.971312815400001,2.142430036252207,6.648076994399999,5.799028172800001,6.448764912000001,7.8781795770212355,3.5169683205,3.9761143409999997,35.7462052072,19.683422018025006,41.011830135981235,55.10330206881956
2022,211,2,PROVEN40,135,5.79,3.6801177567000005,0.9968156999572182,2.531935432,3.1723421152,4.2364999575999995,6.177779539259551,1.1964365210999999,3.3065109744,24.6434570208,31.505336284590555,107.83413995167463,207.6981565106969
2022,212,2,UTC,135,6.87,2.7632387937000003,1.1100747066217675,2.9018031272,3.8377752754,4.7670072416,6.112684008258648,3.2181573782,3.3322253894000005,24.6624243728,30.670317959752385,82.27553374451048,175.9121085733435
2022,301,3,PROVEN40,95,8.05,7.2720666612,1.6160692627959927,4.4992745936,4.3645972585,6.4963618272,5.94199387487112,3.2961080588,3.7230844974000004,22.827297564000002,27.674215277165384,103.36329685602921,157.79157833471493
2022,302,3,UTC,95,7.61,5.8181585913,1.581201611819811,4.4139967872,4.1064250849,6.3466298648,5.770828908447496,2.1838118087000007,3.6150839544,23.0310910344,35.21152083811002,108.84221898728373,161.9729958553061
2022,303,3,PROVEN40,135,6.53,7.4463744201,1.5995710787292021,4.6024012432,4.4389195509,5.749685220000001,5.188156614774565,2.3137296097,3.3671969938000004,20.104057366400003,30.150803717878624,92.86230883154906,200.33639457486024
2022,304,3,UTC,135,11.01,6.0468745524,1.975509539517085,5.661432606400001,5.5488643124,7.050667568800001,5.585968986710845,2.2787517401999997,3.6150839544,21.5515903988,32.683929857669455,103.64592209245315,207.1193369900704
2022,305,3,PROVEN40,0,10.97,9.9813936189,2.6569744055442572,7.7149946221,7.4020319979,9.695271169600002,5.968433350569995,5.4497454523,5.6917801098,23.8172942756,16.68297028166282,63.28546160143918,91.37282907987795
2022,306,3,UTC,0,12.32,7.040328022200001,2.3852407053756566,6.6798835170999995,6.8221225322,8.6778871072,6.804795215765233,3.3560701207999992,3.2561107209999998,28.887156345599998,25.98045651598794,69.12148849186053,80.81332651369513
2022,307,3,PROVEN40,215,7.24,4.6524124812,0.919999835096764,2.0268126450999997,2.7001690787,4.18791144,4.777112612490282,3.3100992066000003,4.4739454154,19.2349381544,31.805025626554258,137.54260536376304,272.05466353903944
2022,308,3,UTC,215,8.41,4.726971869400001,1.0577546802218734,2.685633804,3.4981557971,4.4417616544,5.103875034285276,4.9530597054,4.752689674,19.8563084416,37.05275205911921,133.87309519462426,249.5297279317096
2022,309,3,PROVEN40,255,9.57,4.7158887171,0.8230956787739125,1.9528396303999997,2.6346481103999997,3.6841774207999993,4.948720098461371,4.3574365562,4.3556591064,18.89128642,34.07444096015803,144.5361131480273,250.57508231185736
2022,310,3,UTC,255,8.1,3.4050540678,1.2491651360560605,3.4927981576000002,3.5255376943000005,4.691645459199999,4.75164941926182,2.2008010596,4.481145451600001,18.628552681200002,38.948544136580885,138.60414613132508,222.97203336919523
2022,311,3,PROVEN40,175,6.64,4.4055604527000005,0.9807743117515858,2.2612279768,2.8517474382000003,4.8850079272,4.901556189291081,2.5355892391,4.3165731956,19.362808567200002,40.14097560803541,92.22103689871074,264.35921056808763
2022,312,3,UTC,175,7.98,3.9037959213000004,1.1449237221443032,3.2786120391999996,3.3094162914,4.2513739936,5.486256101495701,1.8040520826999997,3.06582405,21.940196575199998,23.787347307712658,103.83381703028272,219.43111285913335
2022,401,4,PROVEN40,175,6.47,3.6126112835999997,0.9843409379982724,2.7342223216,2.8977099085000004,3.7198751072,4.525533702373765,3.322091618999999,3.6706270908,18.5895921648,33.145720294890566,112.97533828885872,211.61863080477613
2022,402,4,UTC,175,6.46,3.6962387055,1.3271150504675502,3.0743419448000004,5.993820141899999,4.030246658399999,3.2514838488047064,3.2571327185000003,2.664679176,12.7495106552,38.706578599269825,133.9157317363622,221.42535169932455
2022,403,4,PROVEN40,95,7.18,4.645359566100001,1.3012670439593377,3.3125404978999993,4.1279394327,5.0277986728,4.525572515796642,3.5319588359999994,3.1182814566,19.6225453432,39.28856106809643,103.19808816416516,200.98163600768973
2022,404,4,UTC,95,8.68,6.051912348900002,1.4899750268366934,3.9437669189,4.2687606183,6.252427636800001,4.895461216111156,4.2744890370999995,4.212686959,18.1430447076,38.67494911726838,104.63216097074023,195.12069299282174
2022,405,4,PROVEN40,255,8.09,4.354174928400001,1.0214534183531365,2.4107884679000002,3.9118180298,4.3396266072000005,3.717121068917137,2.5655702701000003,4.958404994,14.856375503600002,33.51815744545759,131.15949913790368,272.9102410271786
2022,406,4,UTC,255,5.37,3.177345666000001,1.197338020009469,3.4367818887,2.7441756992000004,5.0813452024000005,4.77200996768043,3.0542610753999995,5.6842048764,19.6435240828,30.739112083105518,123.63698035979472,260.8483380659271
2022,407,4,PROVEN40,215,6.3,4.8267202401,0.7130550119340459,1.2695711766,3.368696432,3.7198751072,3.443622239551612,2.5593384823000003,3.8098534592,13.8503949904,31.80423488950423,144.26639274025996,247.60823690012168
2022,408,4,UTC,215,8.14,2.6574450672000003,1.037287209385456,2.8616644828999998,2.5862586684,4.3802823056,3.567303089945844,3.8068434813999996,4.5021442252,12.938319311599999,26.839987689377235,131.60546692675356,254.72645182454715
2022,409,4,PROVEN40,135,9.98,5.0997688104000005,1.658617381435394,4.7393125987,4.794494147,6.296058142400001,4.238416961022292,3.3096278851000003,4.332687978000001,16.027188970799997,30.50584465334485,104.47170460854687,200.20196927635408
2022,410,4,UTC,135,7.93,5.103799047600001,1.4373572600712892,4.1231153782,2.6943191268,6.062039976,4.099192151290052,3.2044285773000007,4.1993961738,16.4407698372,34.618863419107925,92.52786659623627,208.5584784211362
2022,411,4,PROVEN40,0,8.27,10.9919755968,1.9128582145213457,5.494780410499999,6.5064519648,7.3679803368,4.974728426483059,4.4956012136,2.832380228400001,21.2968485608,26.009713786839274,67.64557778796804,98.10516432388579
2022,412,4,UTC,0,9.62,7.150151985900001,2.267635570530635,6.441620042,7.411958583800001,8.2009263528,4.782891132613712,2.8798986371999993,3.9762098969999995,19.860304392,25.758259404927777,58.03937990193832,86.61733646096052
2022,501,5,PROVEN40,135,6.55,4.4475328671000005,0.7537503101345701,2.0360604021,0.9223277209999998,3.8696070696,3.243882291513819,2.1296092344,2.7745171196000005,12.618643279599999,31.46296859344962,111.39623639993651,207.1968292209739
2022,502,5,UTC,135,5.21,2.2122074673000007,0.8465921267929549,1.7394841789000002,2.9964881863999997,4.059003128,3.561778314809929,2.1206772177,1.4395325380000004,13.1810732984,25.717868556411936,138.52746835958308,241.55751699324506
2022,503,5,PROVEN40,255,3.3,2.9160302405000005,0.43896134011754356,1.2445225090999998,0.9283310798,2.1432686989999996,2.4714686291292396,0.6468944622000001,5.004313348,9.490813103999999,28.565312673592118,150.46729733504998,254.17609883772204
2022,504,5,UTC,255,5.25,2.1119422119000006,0.46978634398261687,1.1743862401,1.3305561193999997,2.2745237166999996,2.3822831945679925,2.4700183153,5.381456825,9.206101638000002,30.920862994056336,143.71006178133655,289.495159914637
2022,505,5,PROVEN40,175,5.21,3.5156557875,0.7231958604052121,2.0651168564,2.0109367834,3.1682601730999997,2.7066147519212627,2.2745063942000003,3.6755283852000007,10.054242110399999,17.893873370606183,123.5095135473289,208.27855750542335
2022,506,5,UTC,175,4.23,1.5968540371000008,0.44585034853981526,0.9770027402000001,1.4590685336,2.3266249450999994,2.4862882263809443,1.0675180878,2.0067976582,9.915585314,32.60798747138397,132.29786791724723,234.88369629093987
2022,507,5,PROVEN40,0,4.78,3.5815162984000004,1.431383662100946,4.142152365499999,4.4733144512,4.427707175,2.485190938137579,0.7826982932999997,8.473000066600001,9.8884101688,20.548061352757543,76.17267263655445,86.15080160143918
2022,508,5,UTC,0,5.51,3.3878667365000004,0.950761508616826,3.4938928505999995,1.6747486906,3.8445741956000004,2.9024539132334994,0.9785743624999999,10.2977545334,10.9173673968,20.117505029012857,64.67775186229035,96.46675715621086
2022,509,5,PROVEN40,95,4.73,2.5257821386000003,0.8408165285136532,2.664280983,2.0069345442,3.3967040207,2.394255510039803,0.7642764939999998,9.2365864488,8.22709379,22.43774894019295,105.2304800670206,150.4851679923808
2022,510,5,UTC,95,3.36,3.5805333057000004,1.0508005663714772,2.8406236022000004,3.6048285447999993,3.516914007,0.7171241522581956,0.746094709,0.5292218441999998,2.7809083318,25.966460470202296,113.94543822395457,150.98649528210373
2022,511,5,PROVEN40,215,5.03,3.2040471016000005,0.09455837735840404,0.1798991632,-0.1822902982000001,1.7336311643999998,1.339140478711986,2.4470629664999994,11.239063321200002,3.2026247378,25.98425205382811,130.93332461948182,241.90860424346107
2022,512,5,UTC,215,5.86,2.797088123800001,0.4368370270374617,1.1479200367,1.2154917424000002,2.4287253096000003,1.2889508963577943,2.5619849694999997,11.4126526476,3.182053205800001,33.35996259122736,128.46790929328557,289.1978427838234
2022,601,6,PROVEN40,215,3.38,0.6807048407000003,0.21220741909166718,0.8784308085999998,-0.5157364604000001,1.7435327904000002,1.7256470382539533,3.1084508205000003,11.302092779,4.5500600838,29.612311786804003,152.66388578634547,248.00993132154005
2022,602,6,UTC,215,3.77,2.3006768103000006,0.6284656542150823,1.4582704473999994,2.3249149489,2.553485797200001,0.7620766075058345,-0.8962291820000001,10.404181322800001,1.8377035896,23.181081304079434,143.49740095909985,264.9380300887141
2022,603,6,PROVEN40,0,3.54,2.9868057149,0.9415005719499097,3.1413620163999996,2.2139285686,3.0624293736,0.6307245842306647,0.9894298059999995,1.3935867440000003,2.3602205024,20.921558090971626,72.64240335455652,99.84320435986525
2022,604,6,UTC,0,3.95,1.9566293653000004,0.9999330789402251,3.1831960842999996,2.641876053,2.9525213249999998,0.35899728799055763,-0.5209736620000001,0.0411931040000002,1.9076467984000003,22.089785101324544,84.41883442600395,83.51290280251855
2022,605,6,PROVEN40,95,3.52,2.2141734527000008,0.5454495235104954,2.0322727744,0.6271232935000002,2.3574336024,0.5800954770561185,0.029010209499999773,0.5134905752000001,2.3180488617999995,19.59584788973351,100.87235653785783,187.35723663556678
2022,606,6,UTC,95,1.9,2.5680508247000002,0.6687642248064124,1.8746653558,2.271921452,2.0376110825999993,0.5440239254681286,0.8780258234999998,1.2088056392,1.9117611048000003,21.565107346514047,133.298846134147,184.5975643309406
2022,607,6,PROVEN40,255,3.42,1.796401555200001,0.3221561390421761,0.545704036,1.092066238,2.0534536841999995,0.9765073118875184,0.1388285631999997,7.602113854400002,3.5945124224000002,21.8790457701194,134.41834002010617,236.0081243760913
2022,608,6,UTC,255,3.18,1.9988980514000003,0.14264154138223278,0.27426903729999996,0.5511326186999999,0.8811011658000001,0.8838840178145427,-0.6155477312000004,7.558421136800002,2.9783950390000005,15.706512820684667,127.71975343339388,257.72018229598405
2022,609,6,PROVEN40,175,2.33,1.9320545478000009,0.30055783868959424,1.0253364888999998,0.6791169130999994,0.8612979138000001,0.8107980211052119,-0.20725128319999975,8.953467191600001,2.402392143,17.29427328030477,104.51566958852891,250.61303769025906
2022,610,6,UTC,175,1.45,0.6606023998000001,0.22989298239283198,0.4153374057999999,1.1150634159000001,0.9147666942000003,0.5639114725303145,-1.8365485376,9.105351400400002,1.5630736374000003,23.918024512601637,125.4693869553255,207.99863658971057
2022,611,6,PROVEN40,135,3.3,2.3053929628,0.19467993480655754,0.32875061409999995,0.7621067289999999,1.4276709210000003,0.7662075428625363,-1.3310386496,6.951924604400002,2.8014798638,18.870180591544823,121.64829249369478,187.3224442053652
2022,612,6,UTC,135,4.48,2.1127598338,0.42469782855370436,0.9475056648999999,1.4880176487999999,2.3000041716,1.1774195485956955,1.7856242368,7.694700803600002,3.4566831579999997,28.67728103987725,138.87634154605905,195.16655574172387
2022,701,7,PROVEN40,175,3.97,2.1048569362,0.31666716916009224,0.3968525850999999,1.4670202255,2.1544502694000003,1.536495807832669,4.14596656,7.667652930800001,4.2582925524,36.6633140619764,137.3470244618071,185.8247882325967
2022,702,7,UTC,175,2.51,2.2727935102000005,0.5779946440623148,1.4913485476,1.8129777712999997,2.7376560408000006,0.7724499967113877,2.6440189120000004,6.1404884204000005,2.0646607670000003,25.192882414151924,125.11448044515778,174.78451753999187
2022,703,7,PROVEN40,0,4.81,4.0460061592,0.8160447092623739,2.9321916768999996,1.3130391213,2.8099379106,1.153753164435792,6.3789592768,8.407308221600001,1.320706511,20.16853919822219,54.37838597082842,67.26167495017549
2022,704,7,UTC,0,5.59,2.7390644685999996,0.9363399005151848,2.1538834368999997,4.2626771563,2.6426004312000004,1.2979532726996623,7.4162266815999995,8.9815553672,1.1987806746,22.73089097938235,55.04775279105452,61.08127416709289
2022,705,7,PROVEN40,135,4.92,2.0189129247999995,0.19688792634076321,0.6828808632999998,0.17617863119999977,1.1840909214000002,1.2672738208838896,5.2123979968,8.023436488400002,2.9574058742,18.179044780331218,108.97439859256777,167.7058394680682
2022,706,7,UTC,135,3.79,2.212533916,0.5303488742852819,1.7160850519,1.0300738454000002,2.3544631146,1.0416939778833347,4.7700768448,7.069478820800001,2.1359563832,24.008840662798285,116.57983405774353,178.04709860844108
2022,707,7,PROVEN40,95,2.76,2.6066909338000004,0.7565719565443004,1.9738996564,2.5418883229999993,2.9941081541999996,1.2247683094248563,6.856277267200001,8.103539804,2.2124183484,21.32538750242509,123.23799816645796,143.43021203195823
2022,708,7,UTC,95,3.96,1.5575812773999997,0.3448521660920938,0.7548743754999999,1.6599965444,0.9434814095999999,1.1409711739951998,3.980703712,9.043973535200001,0.7999385318000001,17.421123317871565,84.76777877881445,162.88550641104783
2022,709,7,PROVEN40,255,1.95,0.8482962178000002,0.034645622357380286,0.07093600960000002,0.14118292569999968,0.20482011,1.4950811459572775,5.2085094592,9.647349159200001,2.8923098768000006,21.895508915501157,95.73427370465086,206.8394160743576
2022,710,7,UTC,255,1.98,3.2912794384,0.07313456872006702,0.08942083030000003,0.5421337229999994,0.43453783319999983,0.8832130463134559,1.8196489407999992,8.9974217716,1.1429841054,20.168934566747204,175.81192218910383,205.86048360641283
2022,711,7,PROVEN40,215,3.73,2.6294117644000004,0.22569596136328318,0.31026579339999993,1.1090641521,1.3781627910000003,1.5051450407949567,7.4006725312,7.4138190476000005,3.2384552598000003,18.72465334485617,141.63516776204165,206.03602723152088
2022,712,7,UTC,215,4.83,2.0465730664000006,0.2588886915808901,0.9222106470999999,0.023197404300000057,1.3955590816,1.307898723385937,7.3744249023999995,9.341500136,1.9117368365999998,31.892496959029256,135.3855853944514,235.57163752447136
2022,803,8,PROVEN40,255,3.78,1.04685652,0.3960898919659612,1.2743951257,0.23117188269999978,2.5517674800000005,2.0436534991759214,5.730545632,13.634829791600001,4.9185519546,24.509685602920687,112.62121460837051,234.1815217905078
2022,804,8,UTC,255,2.07,0.9342402292000003,0.42989974840961676,0.6371552542,2.3599106544,1.6940314039999995,1.2973916586726293,4.7020274368,12.02548136,2.3829078654,24.466985802218733,131.29714273620345,237.63071680276545
2022,805,8,PROVEN40,215,2.4,2.1572136328000004,0.49044191579378493,1.197537187,1.6559970351999997,2.8611474288,1.8065592567071687,5.987189113600001,13.503751638800003,3.8367184740000004,21.53493282068467,113.67635040582728,212.95813936753734
2022,806,8,UTC,215,4.81,4.001552360200001,0.5008509484538993,1.3882227058,1.4530219432999998,2.3712958431999995,1.7818841219002106,6.895162643199999,13.8045300792,3.5308706131999994,17.60496968200497,104.57298220991552,226.66003097056387
2022,807,8,PROVEN40,175,4.1,3.6004803069999998,0.5993283125717711,1.7394342990999996,1.7859810841999997,2.6023392024000005,2.437444277861777,9.2428672192,19.3616967056,4.9764150634,15.140637665567297,88.69925222525971,175.5072512037249
2022,808,8,UTC,175,4.1,3.3268424776000005,0.5115404050476781,1.2549374197,1.9499609613999997,2.0470418584,1.5522401924259264,6.2593867456000005,14.4056941664,2.8799106392000002,18.246257429584293,109.28062732993529,200.96898421488916
2022,811,8,PROVEN40,95,4.58,4.955130288,0.8232387223485391,2.2005819313,3.0028317582999993,2.6439865032,1.635346394372547,8.8141559488,1.8091285825,4.4215491808,14.251849221326653,100.53978044198313,151.3533972733205
2022,812,8,UTC,95,4.43,0.26170016640000027,0.4962564291771598,1.5458301244000001,1.202052741,1.8963182935999994,1.42170768064165,3.7211438272,18.169509696800002,2.0202301656,19.483760912890883,96.49983368701388,129.3914664456163
