trial,rep,plot,n_rate,inoc_rate,d15n_vt_permil,n_uptake_vt_kgha,yield_mgha
CO01451,1,104,low,Control,NA,168.83192950713095,14.13540502374
CO01451,1,105,low,Low,NA,238.4329939773358,13.315748984670002
CO01451,1,108,low,High,NA,169.9671510772814,13.4923165674
CO01451,1,109,low,Medium,NA,214.2156071168335,14.27615363262
CO01451,1,115,high,Control,NA,232.1291132887072,14.46161747382
CO01451,2,201,low,Control,NA,202.88550403240848,12.516058732320001
CO01451,2,202,low,Low,NA,188.63606417329646,14.332514029350001
CO01451,2,204,low,High,NA,204.33023847279168,14.107053983550001
CO01451,2,205,low,Medium,NA,202.31490067732204,11.98401339927
CO01451,2,213,high,Control,NA,214.7397761336903,14.636304225840002
CO01451,3,303,low,Medium,NA,164.53632032113129,13.929024211740002
CO01451,3,307,low,High,NA,241.09933542596534,13.39090849041
CO01451,3,308,low,Low,NA,170.75651369932373,13.249879756740002
CO01451,3,309,low,Control,NA,219.7364305107287,13.741621047
CO01451,3,316,high,Control,NA,184.234364823692,13.46872148523
CO01451,4,403,low,Control,NA,227.00492743380138,14.82158028681
CO01451,4,404,low,Low,NA,216.83716361236364,12.89369092572
CO01451,4,405,low,High,NA,218.60090968129495,13.61779071015
CO01451,4,406,low,Medium,NA,200.08385526446742,13.87323945117
CO01451,4,413,high,Control,NA,225.95403247225926,14.861718099359999
CO01451,5,502,low,High,NA,202.40813560479057,14.59064703888
CO01451,5,503,low,Medium,NA,181.57878902690982,13.29742085298
CO01451,5,506,low,Control,NA,156.091659655465,13.26738906405
CO01451,5,507,low,Low,NA,203.32745514135877,13.69549288272
CO01451,5,517,high,Control,NA,196.07176308452995,14.367190960320002
CO01451,6,603,low,Low,NA,193.08481224062623,13.18426294647
CO01451,6,605,low,Medium,NA,157.92330999050677,11.4580692402
CO01451,6,607,low,High,NA,171.41482261040355,13.52906826018
CO01451,6,608,low,Control,NA,174.64958080037627,12.84385958031
CO01451,6,613,high,Control,NA,231.65636532633027,15.054680653650001
IA01451,1,104,high,Control,NA,202.30108163199904,11.015763000000002
IA01451,1,110,low,High,NA,151.3915549353332,16.04994599373
IA01451,1,111,low,Medium,NA,187.01872318469466,13.33252799373
IA01451,1,114,low,Low,NA,119.18938912998233,12.563199000000001
IA01451,1,115,low,Control,NA,153.6680503014972,14.214089993730001
IA01451,2,209,high,Control,NA,164.48932000917128,14.555805
IA01451,2,210,low,Low,NA,155.35143803836777,14.168319000000002
IA01451,2,214,low,Medium,NA,136.92056593590718,13.153206
IA01451,2,216,low,Control,NA,120.80885205030074,13.69493399373
IA01451,2,218,low,High,NA,176.1235578714404,12.437799
IA01451,3,307,high,Control,NA,154.96642124199724,14.26425
IA01451,3,311,low,Medium,NA,201.41766226564843,15.863100000000001
IA01451,3,313,low,High,NA,196.13502493283247,15.404136000000001
IA01451,3,314,low,Control,NA,128.41490023657263,13.99840199373
IA01451,3,315,low,Low,NA,191.6373004701514,14.899401
IA01451,4,405,high,Control,NA,174.9768313165855,14.518812
IA01451,4,412,low,Control,NA,149.57189103580146,15.046745993730001
IA01451,4,416,low,Medium,NA,219.49443115398861,13.464825000000001
IA01451,4,417,low,High,NA,215.6579735656714,14.004672000000003
IA01451,4,418,low,Low,NA,150.3315981627434,11.681010000000002
IA01451,5,508,high,Control,NA,209.74382040972375,13.603392000000001
IA01451,5,510,low,Low,NA,221.5166813863178,14.14950899373
IA01451,5,511,low,Control,NA,165.81633600592608,15.34080899373
IA01451,5,515,low,High,NA,231.50196770078256,13.971441
IA01451,5,518,low,Medium,NA,205.72225374815548,12.38387699373
IA01451,6,602,high,Control,NA,180.9898949422977,15.26055299373
IA01451,6,611,low,Medium,NA,220.18865831716948,14.341370993730001
IA01451,6,613,low,Low,NA,207.87663331537172,13.904979
IA01451,6,616,low,High,NA,253.47340496603638,14.460501
IA01451,6,618,low,Control,NA,185.2928754311649,14.041038
IA02451,1,101,low,Control,3.135,214.3960276795005,11.883531000000001
IA02451,1,103,low,High,3.98,168.0080062797811,11.523006
IA02451,1,106,low,Medium,3.47,155.29150846023157,11.670351
IA02451,1,109,low,Low,2.72999995,218.7487127382557,11.526768
IA02451,1,114,high,Control,2.81,284.3592070218758,11.66282699373
IA02451,2,203,low,Low,3.35,203.26018444064275,12.37635299373
IA02451,2,204,low,Control,2.77,205.0081929240375,11.452782000000001
IA02451,2,207,low,Medium,2.9199999,151.61482881881892,13.134395993730001
IA02451,2,209,low,High,3.2799999,226.40363444533824,12.361932000000001
IA02451,2,218,high,Control,3.2799999,275.00638177933774,12.957582
IA02451,3,302,low,Low,3.25,160.09016404493485,11.686026
IA02451,3,305,low,High,3.66,167.84069548833907,11.45340899373
IA02451,3,307,low,Control,3.94,216.5641084428337,11.589468
IA02451,3,309,low,Medium,3.7799999,177.45600698537007,12.026487000000001
IA02451,3,316,high,Control,5.2,194.01721031585865,12.497363993730001
IA02451,4,401,low,Medium,1.8899999,221.12262209874518,11.201355000000001
IA02451,4,403,low,High,2.465,203.40369278630777,12.32055
IA02451,4,405,low,Control,2.7799999,242.7318591502921,13.42218899373
IA02451,4,406,low,Low,2.7,190.59135646131327,13.815318000000001
IA02451,4,414,high,Control,4.6299999,202.40949791142705,14.31566399373
IA02451,5,501,low,Control,4.205,235.3989397861342,12.449085
IA02451,5,502,low,Low,3.0899999,213.6547429220916,13.121229000000001
IA02451,5,503,low,Medium,3.0099999,191.0234851612315,11.56877699373
IA02451,5,504,low,High,2.72,206.16512093276958,12.18261
IA02451,5,512,high,Control,4.33,248.98638463620657,17.708988
IA02451,6,601,low,Low,3.77,207.5039004101353,12.236532
IA02451,6,602,low,Medium,4.1799999,204.55973319615197,12.123672000000003
IA02451,6,606,low,High,5.36,157.72775791319071,17.72215499373
IA02451,6,608,low,Control,3.58,235.2237351776298,16.168449
IA02451,6,611,high,Control,4.65,223.6047483870968,15.996024000000002
IA03451,1,103,low,Medium,NA,154.73447077037792,12.8017758858
IA03451,1,104,low,High,NA,164.29537547752167,12.916587203850002
IA03451,1,105,low,Control,NA,140.0244726831636,13.039098702630001
IA03451,1,109,low,Low,NA,239.1109726171042,13.408457825400001
IA03451,1,116,high,Control,NA,182.7211114261504,13.640025584790001
IA03451,2,203,low,High,NA,227.6969657716622,12.88353724383
IA03451,2,206,low,Medium,NA,180.8325109084997,12.493642385070002
IA03451,2,207,low,Control,NA,157.4771874047636,12.94759736358
IA03451,2,208,low,Low,NA,234.0786283103697,12.871255392270001
IA03451,2,218,high,Control,NA,171.31337752341315,13.557162568950002
IA03451,3,302,low,Medium,NA,147.3802736697297,14.193486190620002
IA03451,3,304,low,Low,NA,138.1200014984753,12.541843110390001
IA03451,3,307,low,High,NA,184.1568585830438,13.738518487980002
IA03451,3,309,low,Control,NA,141.07073285351066,13.089396611280002
IA03451,3,310,high,Control,NA,253.24263673080657,13.612825352940002
IA03451,4,401,low,Low,NA,105.54604666748976,13.48968556254
IA03451,4,402,low,Control,NA,157.87736326011935,13.706306250120003
IA03451,4,408,low,High,NA,199.92614108971497,13.86045332859
IA03451,4,409,low,Medium,NA,223.595834786646,13.97855816478
IA03451,4,411,high,Control,NA,239.18422822744958,13.297172416770001
IA03451,5,501,low,Control,NA,148.38626144307028,13.68288438297
IA03451,5,503,low,Low,NA,220.23291884512957,13.568420209740001
IA03451,5,505,low,High,NA,132.93268601647128,13.356269298570002
IA03451,5,507,low,Medium,NA,181.3245935601553,13.86087793299
IA03451,5,515,high,Control,NA,236.1246799084,13.195925353380002
IA03451,6,602,low,High,NA,235.10418335243753,12.982506378599998
IA03451,6,605,low,Medium,NA,193.4022109287822,13.602640690980001
IA03451,6,608,low,Control,NA,180.07697991533402,13.482823103970002
IA03451,6,609,low,Low,NA,209.0417185010177,13.306301317319999
IA03451,6,610,high,Control,NA,153.16933952274294,12.75387639636
IA04451,1,102,low,Control,8.1199999,229.3565161501967,15.461819993730002
IA04451,1,104,low,Medium,11.83999995,246.29501431300972,14.408460000000002
IA04451,1,105,low,Low,11.18,198.70333951040521,13.373910000000002
IA04451,1,107,low,High,10.5,137.81443783253087,13.405260000000002
IA04451,1,112,high,Control,6.68999995,137.29320649338501,15.555869993730001
IA04451,2,201,low,High,13.31,177.77636188541373,10.63391999373
IA04451,2,202,low,Control,14.909999899999999,76.20574579445848,11.07281999373
IA04451,2,204,low,Low,11.26,183.1179489165673,11.70608999373
IA04451,2,208,low,Medium,9.7899999,151.26895808862005,13.30493999373
IA04451,2,217,high,Control,1.8799999,254.9914693996955,16.671929993730004
IA04451,3,301,low,Low,10.85,91.67173629164537,12.48356999373
IA04451,3,303,low,Medium,8.0199999,192.2190059173182,14.71568999373
IA04451,3,307,low,Control,7.96,213.74324120970797,14.038530000000002
IA04451,3,308,low,High,6.04499995,175.16977838527433,13.530660000000001
IA04451,3,311,high,Control,1.8899999,177.05551914912513,16.214220000000005
IA04451,4,402,low,High,2.72,230.50278628725044,16.7409
IA04451,4,404,low,Control,2.2799999,196.53624140813773,17.073210000000003
IA04451,4,406,low,Medium,1.95,208.9788400135003,17.15472
IA04451,4,407,low,Low,3.035,193.7056507945467,16.195410000000003
IA04451,4,413,high,Control,5.65,173.36042780766275,16.92272999373
IA04451,5,501,low,Medium,4.13499995,255.03055537487444,17.004239993730003
IA04451,5,504,low,High,1.1299999,259.6414334691382,15.78158999373
IA04451,5,506,low,Low,3.4599999,173.173428907288,17.33655
IA04451,5,508,low,Control,3.45,298.0473027582958,17.72528999373
IA04451,5,516,high,Control,1.9299999,222.24368640254414,16.79732999373
IA04451,6,603,low,Control,2.7099999500000003,184.4458296054605,17.750370000000004
IA04451,6,605,low,Low,5.1399999,260.08396057165623,17.04186
IA04451,6,606,low,High,3.04,185.16452430554332,16.10762999373
IA04451,6,609,low,Medium,7.28,182.6625548951481,12.935010000000002
IA04451,6,610,high,Control,2.1899999,243.6319709342317,16.941539993730004
IL01451,1,104,low,High,NA,282.4450567338624,15.761320651230001
IL01451,1,105,low,Control,NA,312.35440492542085,15.795143551770002
IL01451,1,106,low,Medium,NA,NA,16.05937310802
IL01451,1,109,low,Low,NA,283.5584066691896,15.892713579930001
IL01451,1,110,high,Control,NA,233.0267548717422,15.15893267724
IL01451,2,201,low,Control,NA,245.1637697533047,15.962918406270001
IL01451,2,204,low,Medium,NA,195.75564028946528,15.76592262432
IL01451,2,205,low,Low,NA,237.9231096121061,16.07125468278
IL01451,2,208,low,High,NA,206.644986343727,15.84678979884
IL01451,2,213,high,Control,NA,121.93506231610408,15.012789542190001
IL01451,3,301,low,High,NA,242.20402462304156,15.649170885480002
IL01451,3,302,low,Control,NA,163.30931328917575,14.93119768107
IL01451,3,307,low,Medium,NA,297.9173532558429,16.16084910792
IL01451,3,308,low,Low,NA,301.1926945795977,15.765830737469999
IL01451,3,311,high,Control,NA,230.28767768325136,15.11653852995
IL01451,4,401,low,Medium,NA,160.89267590679282,14.75634468627
IL01451,4,402,low,Low,NA,155.20959014365624,15.50370871632
IL01451,4,405,low,Control,NA,305.13662259531424,15.827761627920001
IL01451,4,409,low,High,NA,161.6201314321331,15.70708927689
IL01451,4,414,high,Control,NA,84.43664703810441,14.67053035008
IL01451,5,502,low,Medium,NA,189.60262182738245,15.459415517700002
IL01451,5,505,low,High,NA,182.765926652215,15.830789599020001
IL01451,5,506,low,Control,NA,153.30984820473032,16.15006165443
IL01451,5,507,low,Low,NA,182.5509967298517,15.58283835471
IL01451,5,515,high,Control,NA,188.85421636217166,15.05503427538
IL01451,6,603,low,Control,NA,206.1476779352245,16.28321168166
IL01451,6,606,low,High,NA,251.5803102187162,15.783819354930001
IL01451,6,608,low,Low,NA,176.27232473588018,15.40459165971
IL01451,6,609,low,Medium,NA,221.45012636156267,16.13776569537
IL01451,6,617,high,Control,NA,207.58053363578642,14.854684212720002
IL03451,1,101,high,Control,3.99,275.38835898199267,15.33999275259
IL03451,1,111,low,High,3.5699999,191.91079262993603,13.139485083120002
IL03451,1,112,low,Control,2.43,132.6237073472799,15.35127621951
IL03451,1,117,low,Low,5.98,150.30116811407146,14.73299523135
IL03451,1,118,low,Medium,3.45,159.96199603657652,15.253884986670002
IL03451,2,209,high,Control,0.6799999999999999,229.6135779177973,14.104420564740002
IL03451,2,210,low,Medium,3.31,171.8169089852379,14.473435420620003
IL03451,2,213,low,Low,4.88499995,202.78263641334064,14.964144129660001
IL03451,2,214,low,High,4.44,175.33154392735534,14.58704752593
IL03451,2,215,low,Control,2.56,245.2909836393133,13.961232756570002
IL03451,3,303,high,Control,0.39,246.82335830045903,16.14043869669
IL03451,3,311,low,Low,1.51,184.5369988446704,16.32594020178
IL03451,3,312,low,Control,0.62,205.14910472777308,16.28007477558
IL03451,3,313,low,High,3.73,178.24088319239993,14.66462599767
IL03451,3,316,low,Medium,4.96,133.99399873278463,15.441469329330001
IL03451,4,407,high,Control,8.14,175.7278821905149,15.94825833744
IL03451,4,411,low,Medium,4.3399999,200.93182212679577,16.40914176
IL03451,4,416,low,Control,7.4049999,166.40884636695534,15.070093354470002
IL03451,4,417,low,Low,6.86,177.76862205474126,15.55661631183
IL03451,4,418,low,High,5.5999999,139.70730983381446,15.62941802796
IL03451,5,503,high,Control,4.53,145.06775555080608,14.91214208517
IL03451,5,511,low,Control,2.46999995,194.19048457353037,15.607160944980002
IL03451,5,513,low,Medium,6.7599999,180.78759776806012,15.577484834340002
IL03451,5,514,low,Low,2.48,197.8067597664862,14.518124588550002
IL03451,5,516,low,High,3.68,151.98190712358246,14.941921475250002
IL03451,6,609,high,Control,5.075,181.02403262687702,15.16001678532
IL03451,6,610,low,Control,2.68,239.34354057389038,15.54874399452
IL03451,6,611,low,Low,4.57,166.65611374529445,16.568576260500002
IL03451,6,614,low,Medium,9.6049999,164.90106297465562,15.01372480674
IL03451,6,617,low,High,2.58,214.86431050077076,15.21395248527
IN01451,1,109,high,Control,NA,262.506357225951,12.105846101580001
IN01451,1,110,low,Medium,NA,297.97509167654755,13.700329629690001
IN01451,1,114,low,Control,NA,246.8027711137918,12.822382341119999
IN01451,1,115,low,Low,NA,207.16303408055404,11.59464713913
IN01451,1,116,low,High,NA,262.0709472930152,11.13704214909
IN01451,2,205,high,Control,NA,236.34561568763093,14.331668444610001
IN01451,2,212,low,Control,NA,220.83744173720896,14.17828883922
IN01451,2,213,low,Medium,NA,262.3567374530616,13.785550134180001
IN01451,2,217,low,High,NA,227.4520300181661,11.455823997089999
IN01451,2,218,low,Low,NA,200.1140933737809,11.350713886380001
IN01451,3,302,high,Control,NA,306.4227882819804,14.48318664375
IN01451,3,314,low,Medium,NA,241.13745879116033,13.62076547403
IN01451,3,315,low,High,NA,213.60270610769152,12.96933216183
IN01451,3,316,low,Low,NA,281.149036018739,11.90677410945
IN01451,3,318,low,Control,NA,291.60782657542467,12.737883300450001
IN01451,4,408,high,Control,NA,314.2747302438837,14.378688347100002
IN01451,4,410,low,Low,NA,293.65792031416635,14.05028781123
IN01451,4,411,low,High,NA,232.98520752959942,14.733653556270001
IN01451,4,415,low,Control,NA,273.58388585336604,13.204399941810001
IN01451,4,418,low,Medium,NA,339.60142537728484,13.98120522711
IN01451,5,506,high,Control,NA,376.55196989364896,15.38670296724
IN01451,5,510,low,Medium,NA,311.89701689655556,15.685422062970002
IN01451,5,512,low,High,NA,338.2552413428808,14.80415022603
IN01451,5,514,low,Low,NA,274.18277668126524,13.45340659014
IN01451,5,516,low,Control,NA,234.53981822858054,13.20076371174
IN01451,6,601,high,Control,NA,197.26799372228695,14.600775358620002
IN01451,6,610,low,Control,NA,292.89406014303535,13.74526302666
IN01451,6,613,low,Low,NA,193.4892597929417,14.140991518500002
IN01451,6,614,low,High,NA,217.64697533990952,13.91245452663
IN01451,6,618,low,Medium,NA,268.5138928305615,12.73300902753
IN02451,1,102,low,Low,NA,123.62530772968515,11.43977556216
IN02451,1,106,low,Medium,NA,88.97561608144815,12.28094295549
IN02451,1,107,low,High,NA,172.1196797847456,13.09754627577
IN02451,1,108,low,Control,NA,57.33970975453054,13.172046390690001
IN02451,1,114,high,Control,NA,56.579946103026245,11.94773203173
IN02451,2,201,low,Control,NA,64.28155336708348,11.281053126749999
IN02451,2,202,low,Medium,NA,75.5671658007686,11.87873717745
IN02451,2,204,low,High,NA,95.03716063794556,10.712869225410001
IN02451,2,207,low,Low,NA,118.62581965151399,11.281683525090001
IN02451,2,210,high,Control,NA,101.28026437414279,11.68205931585
IN02451,3,303,low,High,NA,69.12510428682911,10.99608902535
IN02451,3,306,low,Low,NA,89.54800498273993,11.787433606740002
IN02451,3,308,low,Medium,NA,71.8627678364059,11.17289713155
IN02451,3,309,low,Control,NA,58.38052981649815,11.180214027180002
IN02451,3,316,high,Control,NA,101.06942880316927,11.50628248671
IN02451,4,402,low,High,NA,78.66626965977252,11.855112576120002
IN02451,4,404,low,Low,NA,108.58955228805858,10.914590273730003
IN02451,4,405,low,Medium,NA,96.45914836126042,10.729005565740001
IN02451,4,407,low,Control,NA,107.35729741931044,10.2771636462
IN02451,4,411,high,Control,NA,112.09251064491377,12.24622213452
IN02451,5,503,low,Control,NA,96.99273297541681,10.93500780141
IN02451,5,505,low,Low,NA,101.36796344911242,10.42459400598
IN02451,5,507,low,Medium,NA,113.63383897578375,10.408699424309999
IN02451,5,508,low,High,NA,73.53308790964215,10.03014885147
IN02451,5,514,high,Control,NA,110.85996971290399,12.91427200008
IN02451,6,601,low,Control,NA,61.27980310389877,11.45886191241
IN02451,6,602,low,Low,NA,65.76769768215566,11.34579739128
IN02451,6,606,low,High,NA,69.10997933220641,11.090823063540002
IN02451,6,609,low,Medium,NA,90.13592509270475,11.07173671329
IN02451,6,610,high,Control,NA,124.18395507121524,12.50654565633
KY01451,1,103,low,Low,NA,NA,10.27051917672
KY01451,1,104,low,Medium,NA,NA,9.962358388950001
KY01451,1,107,low,Control,NA,NA,9.875055222450001
KY01451,1,109,low,High,NA,NA,9.80017103241
KY01451,1,113,high,Control,NA,NA,10.780091456640001
KY01451,2,202,low,Medium,NA,NA,10.08013661457
KY01451,2,203,low,High,NA,NA,10.521212154090001
KY01451,2,204,low,Low,NA,NA,9.64129764675
KY01451,2,205,low,Control,NA,NA,9.197908577549999
KY01451,2,214,high,Control,NA,NA,11.063250763620001
KY01451,3,302,low,High,NA,NA,10.75302175365
KY01451,3,305,low,Low,NA,NA,10.641414531
KY01451,3,306,low,Control,NA,NA,10.298945250000001
KY01451,3,308,low,Medium,NA,NA,9.613063962150001
KY01451,3,311,high,Control,NA,NA,10.31517360885
KY01451,4,401,low,Medium,NA,NA,10.538123504040001
KY01451,4,402,low,Control,NA,NA,10.083998903220001
KY01451,4,404,low,Low,NA,NA,9.37409733942
KY01451,4,405,low,High,NA,NA,9.491365726260002
KY01451,4,412,high,Control,NA,NA,10.4043189327
KY01451,5,501,low,Control,NA,NA,10.72806837003
KY01451,5,503,low,High,NA,NA,10.826727534809999
KY01451,5,505,low,Medium,NA,NA,10.28263032126
KY01451,5,509,low,Low,NA,NA,9.749133959729999
KY01451,5,513,high,Control,NA,NA,9.788545681199999
KY01451,6,601,low,Low,NA,NA,11.05941733578
KY01451,6,607,low,Control,NA,NA,9.60676308867
KY01451,6,608,low,Medium,NA,NA,10.533020275800002
KY01451,6,609,low,High,NA,NA,10.757076437250001
KY01451,6,617,high,Control,NA,NA,9.56648559933
MI01451,1,101,high,Control,4.12,119.3467468562056,12.665282813700001
MI01451,1,111,low,High,3.5299999,179.64908147882682,9.997084357590001
MI01451,1,114,low,Low,4.0099999,115.34358982580528,9.33940596864
MI01451,1,116,low,Medium,5.2599999,132.52943686576484,10.875354870930002
MI01451,1,118,low,Control,4.23,139.47189213839752,9.21108749055
MI01451,2,209,high,Control,3.94,108.58956948094325,12.91216833357
MI01451,2,210,low,Medium,3.5699999,108.7181972332634,10.561427100180001
MI01451,2,212,low,Control,3.7799999,175.59272650311294,9.737821230720002
MI01451,2,213,low,High,4.0999999,259.2236056649671,11.402227134210001
MI01451,2,218,low,Low,4.5599999,157.12351184863934,11.855257977420003
MI01451,3,301,high,Control,7.3899999,95.7746520873649,9.326156819100001
MI01451,3,312,low,High,4.0599999,121.63117355362178,11.154726916080001
MI01451,3,314,low,Control,4.1299999,151.37852163302355,10.476091152450001
MI01451,3,315,low,Medium,0.85,178.07469616964323,9.28600535049
MI01451,3,317,low,Low,0.72,131.90817004415132,9.41724147276
MI01451,4,402,high,Control,2.9199999,218.49929393228572,12.57943895208
MI01451,4,410,low,Low,3.64,169.1777656278476,11.13039304608
MI01451,4,411,low,High,4.3399999,149.0855300754899,14.33475346644
MI01451,4,413,low,Medium,3.6699999,151.49719039604585,12.841221465270001
MI01451,4,417,low,Control,5.5599999,169.02826502042012,9.278271148740002
MI01451,5,504,high,Control,5.66,171.65939787297836,12.973187722770001
MI01451,5,511,low,Medium,4.2599999,155.14198420748164,13.071515969490001
MI01451,5,513,low,Low,4.36,179.4493717768568,11.08530380199
MI01451,5,515,low,High,3.58,139.65856187939823,9.76173087879
MI01451,5,516,low,Control,5.53,152.7620028571933,8.62391731443
MI01451,6,605,high,Control,5.16,213.06902532084638,13.04977651263
MI01451,6,610,low,High,3.49,124.34293373780847,12.306961311150001
MI01451,6,614,low,Medium,2.0699999,183.20263845720913,10.40444012553
MI01451,6,616,low,Low,2.43,102.61407311546944,11.89036490499
MI01451,6,618,low,Control,5.7599999,109.13548191956356,8.32191406794
MN01451,1,103,low,High,2.04,161.40019692637657,12.20994719373
MN01451,1,104,low,Control,2.645,215.04741626078845,12.166057200000001
MN01451,1,108,low,Low,2.4050000000000002,219.67688978496423,11.825031900000003
MN01451,1,109,low,Medium,1.28,177.82602692816457,11.696998500000001
MN01451,1,113,high,Control,1.48,239.08936324883595,11.5319721
MN01451,2,202,low,Control,3.2350000000000003,204.0331029408384,11.53335149373
MN01451,2,203,low,Medium,2.5699999,228.395582935446,12.1316976
MN01451,2,206,low,High,2.1699999500000002,271.13623284696905,11.7159966
MN01451,2,207,low,Low,2.2599999,187.19877335765503,11.142667800000002
MN01451,2,218,high,Control,2.035,190.65444726480095,11.4391134
MN01451,3,301,low,High,2.37,197.46425376217468,9.43008
MN01451,3,303,low,Low,2.16,141.57759509222467,10.9722492
MN01451,3,304,low,Medium,2.3349999500000003,193.05808857913607,10.31183009373
MN01451,3,308,low,Control,2.23999995,184.7594312350618,11.031312593730002
MN01451,3,316,high,Control,3.15499995,97.3355354004999,11.592791100000001
MN01451,4,401,low,Control,3.5699999,230.80952570280962,10.75436669373
MN01451,4,406,low,Medium,4.04499995,196.99534629052386,11.66389289373
MN01451,4,407,low,High,3.8799999,137.38204870610227,11.734743900000002
MN01451,4,408,low,Low,4.6799999,115.4190955803047,11.168124000000002
MN01451,4,414,high,Control,2.29,122.09361850639175,12.1626714
MN01451,5,503,low,Control,4.04,173.19331233355092,12.053448
MN01451,5,504,low,Low,4.62499995,156.55219537228504,12.252207
MN01451,5,505,low,High,3.34,206.64821181825351,10.5816909
MN01451,5,509,low,Medium,4.0499999,101.57579537102751,10.9777041
MN01451,5,517,high,Control,2.8999999,228.58837613361788,10.509899400000002
MN01451,6,601,low,Medium,3.0899999,188.81702179255763,11.94046259373
MN01451,6,602,low,Control,6.28499995,143.08301939106107,10.2488166
MN01451,6,604,low,High,6.45,154.15491563015215,10.9815915
MN01451,6,606,low,Low,5.3699999,178.30778388053176,10.88578589373
MN01451,6,615,high,Control,5.33,211.31002428900553,13.0969014
MN02451,1,105,high,Control,5.11,172.33355856952213,11.37981959004
MN02451,1,110,low,Control,4.87,179.24973109931395,12.396292183109999
MN02451,1,111,low,High,4.15,190.6836465272231,13.599702268020001
MN02451,1,113,low,Low,6.66,164.6580206330933,11.72156468604
MN02451,1,116,low,Medium,11.544999950000001,112.77591724844746,12.49560272565
MN02451,2,209,high,Control,3.1699999,139.2499404949064,11.99612912718
MN02451,2,210,low,Low,4.32,152.80980159667368,12.38460858987
MN02451,2,214,low,Medium,2.09499995,187.81366242254606,12.609517759740001
MN02451,2,215,low,Control,0.58,204.0557484964462,12.831506025029999
MN02451,2,218,low,High,3.2349999,152.88564694733012,12.93665836419
MN02451,3,308,high,Control,3.6649998999999998,189.81998100745787,12.425501166210001
MN02451,3,311,low,Low,1.29,226.39426687070033,12.47223553917
MN02451,3,312,low,High,2.1550000000000002,126.22613111344307,13.26964076526
MN02451,3,314,low,Control,1.57,183.4385421885752,13.04473159539
MN02451,3,318,low,Medium,3.04999995,113.37911268511499,13.202460104130001
MN02451,4,409,high,Control,3.35,107.89786727022785,11.885134991400001
MN02451,4,410,low,Control,4.3499999,97.42049269299284,12.21519649416
MN02451,4,412,low,Medium,2.175,120.13029331734246,11.344768816590001
MN02451,4,413,low,High,2.04,170.08884029608657,13.02136440891
MN02451,4,417,low,Low,2.62,103.27890297888854,12.285298053600002
MN02451,5,504,high,Control,3.23,140.2133528986402,12.11880684993
MN02451,5,510,low,Medium,2.9149999500000003,150.01376511243316,11.35645240983
MN02451,5,514,low,Low,3.74,188.41006954775182,12.12172774824
MN02451,5,515,low,High,2.49,134.2910491979239,12.095439663450001
MN02451,5,516,low,Control,2.2599999,113.37873184712255,13.04473159539
MN02451,6,608,high,Control,3.18,132.4903046398036,13.11191225652
MN02451,6,611,low,Medium,1.28999995,149.06373361552528,13.13235854469
MN02451,6,616,low,High,1.87,203.44283822995115,13.073940578490001
MN02451,6,617,low,Control,1.27,254.30333684992655,12.79937614362
MN02451,6,618,low,Low,4.7,98.58915568293388,12.6270431496
MN03451,1,106,high,Control,NA,187.74126404741483,15.38852108541
MN03451,1,110,low,High,NA,146.1596725651206,14.22400431837
MN03451,1,113,low,Low,NA,117.87348833618466,14.470575278610001
MN03451,1,114,low,Control,NA,86.3866894019295,14.73717434937
MN03451,1,118,low,Medium,NA,84.67322116392414,13.874291438040002
MN03451,2,203,high,Control,NA,138.5742966772757,14.464832341080003
MN03451,2,210,low,Medium,NA,104.65481635654952,12.55295508654
MN03451,2,216,low,Control,NA,87.68938811985328,11.9628470643
MN03451,2,217,low,High,NA,73.37147948593393,13.46738010024
MN03451,2,218,low,Low,NA,61.10331745909688,12.6723157473
MN03451,3,308,high,Control,NA,96.0664507495607,14.808253972380001
MN03451,3,310,low,Low,NA,133.22567452500633,15.718119266520002
MN03451,3,311,low,Medium,NA,330.5196065833367,15.847724856480001
MN03451,3,312,low,Control,NA,132.25088368271886,15.96062110962
MN03451,3,316,low,High,NA,159.57771004262418,15.54205075071
MN03451,4,402,high,Control,NA,162.5870071325437,12.71589277398
MN03451,4,411,low,High,NA,157.80416101018486,15.15839973351
MN03451,4,413,low,Medium,NA,178.71104046279478,16.29423069252
MN03451,4,415,low,Control,NA,161.16360140390483,15.01903981677
MN03451,4,417,low,Low,NA,193.82240149561724,15.837739655760002
MN03451,5,503,high,Control,NA,178.94634535353362,15.082096642470002
MN03451,5,512,low,Control,NA,168.43760412404595,15.556855399469999
MN03451,5,514,low,Low,NA,194.69622031233988,15.713703844740001
MN03451,5,515,low,High,NA,140.99413492137674,16.45728381693
MN03451,5,518,low,Medium,NA,156.41021522425444,15.38182580385
MN03451,6,606,high,Control,NA,198.17502176290816,15.942266813220002
MN03451,6,612,low,Low,NA,152.97529511098986,16.92866607234
MN03451,6,615,low,Medium,NA,264.2394912418209,16.74443046771
MN03451,6,617,low,High,NA,266.4708241947761,16.52752652661
MN03451,6,618,low,Control,NA,154.57243307853756,15.73575209283
MO01451,1,102,high,Control,-0.74,223.28927714928705,14.209701
MO01451,1,110,low,Control,0.8,322.1329866804107,14.40783299373
MO01451,1,113,low,Medium,0.23,272.2214119130433,13.919400000000001
MO01451,1,116,low,Low,0.16,212.11088402499544,13.95325799373
MO01451,1,117,low,High,-0.3,248.0054916241909,13.698069000000002
MO01451,2,209,high,Control,1.24,253.13716894477864,13.59336
MO01451,2,210,low,Low,2.36499995,246.60973048969484,14.948933993730002
MO01451,2,215,low,High,2.6099999,176.88777211708617,13.632861
MO01451,2,216,low,Medium,0.5,185.02059500167556,14.868051000000001
MO01451,2,218,low,Control,2.2600000000000002,216.14657096833946,14.319426
MO01451,3,303,high,Control,0.62,204.55812130725414,14.362062
MO01451,3,310,low,Medium,1.37,217.7040324661811,14.215344000000002
MO01451,3,312,low,Control,3.0999999000000003,219.05412778355884,13.817199
MO01451,3,313,low,High,3.41,178.59316863903723,14.234781000000002
MO01451,3,315,low,Low,0.08,174.06887996024508,13.688663993730001
MO01451,4,408,high,Control,1.77,234.9977656513637,14.08053899373
MO01451,4,410,low,High,3.1699999,235.17706379301228,13.946361000000001
MO01451,4,411,low,Control,4.12,252.91539392229143,13.403379000000001
MO01451,4,416,low,Medium,2.285,171.74562263507536,13.80277799373
MO01451,4,417,low,Low,1.05,160.4458854932737,12.925605000000001
MO01451,5,503,high,Control,2.6099999,185.18840298340638,NA
MO01451,5,511,low,Medium,3.3999999,197.53943357025702,12.349392000000002
MO01451,5,512,low,Low,2.3799999,268.88508268686724,13.490532000000002
MO01451,5,516,low,High,2.29,283.83297624296733,14.30625899373
MO01451,5,518,low,Control,2.9849999,217.958145227723,13.099911000000002
MO01451,6,607,high,Control,2.66,202.49696617341877,13.940091000000002
MO01451,6,612,low,High,3.7799999,193.40317370676738,13.534422000000003
MO01451,6,613,low,Low,2.3399999,191.08514608370524,14.028498
MO01451,6,616,low,Control,4.0499999,225.864901285737,14.35892699373
MO01451,6,618,low,Medium,3.005,210.34819050306592,11.528649000000001
MO02451,1,102,low,Control,NA,162.72562013090499,13.716656872710002
MO02451,1,103,low,Low,NA,160.65898769926673,14.127840494460001
MO02451,1,105,low,High,NA,174.5895599151073,14.529516814890002
MO02451,1,109,low,Medium,NA,190.20115096209813,14.773695362580002
MO02451,1,115,high,Control,NA,192.1783733399178,11.25002151108
MO02451,2,204,low,Medium,NA,241.3088961083339,14.41780435656
MO02451,2,205,low,Control,NA,208.91743564789508,13.93887779262
MO02451,2,206,low,Low,NA,245.0976324707362,13.83648764553
MO02451,2,208,low,High,NA,228.7179153636016,14.653124936670002
MO02451,2,212,high,Control,NA,198.31489476616287,13.021200950010002
MO02451,3,301,low,High,NA,198.65472255408307,14.153543437770002
MO02451,3,304,low,Low,NA,197.7815003332306,14.36944279947
MO02451,3,307,low,Medium,NA,268.7122974161803,13.61749575054
MO02451,3,308,low,Control,NA,210.01518190179763,13.25582342832
MO02451,3,318,high,Control,NA,196.490390957963,11.0827292961
MO02451,4,401,low,Control,NA,203.0327204719727,14.005323816660002
MO02451,4,405,low,Medium,NA,256.7547086251401,14.667228311010001
MO02451,4,406,low,High,NA,190.37601433993552,14.051775776280001
MO02451,4,408,low,Low,NA,202.49184544158493,13.8474015273
MO02451,4,413,high,Control,NA,183.68572374648647,12.225602129730001
MO02451,5,503,low,Medium,NA,152.58014779802113,14.09923693629
MO02451,5,505,low,Low,NA,248.1076047996144,13.5293685681
MO02451,5,507,low,High,NA,160.0423149614632,13.766795272560001
MO02451,5,509,low,Control,NA,199.39373394399607,14.057314963889999
MO02451,5,516,high,Control,NA,204.6440505923091,12.915158126640002
MO02451,6,601,low,Low,NA,211.45355357626178,13.33719098019
MO02451,6,602,low,Medium,NA,139.57141584477654,14.290497674640001
MO02451,6,603,low,Control,NA,222.81762501289728,14.03776590645
MO02451,6,609,low,High,NA,230.1942877114191,14.0104018395
MO02451,6,615,high,Control,NA,145.16307249244286,11.53091847039
MS01451,1,106,high,Control,3.14,149.2378894689501,9.468140342100002
MS01451,1,110,low,Control,3.0899999,175.79316080734745,9.06685392789
MS01451,1,114,low,Low,3.16,160.33193475112807,9.44496677949
MS01451,1,115,low,High,3.3599999,157.9865442188869,8.985816040080001
MS01451,1,116,low,Medium,3.3799999,175.17729097820921,8.19381363537
MS01451,2,202,high,Control,2.9400000000000004,159.24431463707114,8.617301549010001
MS01451,2,211,low,Control,3,189.44042662858038,9.72749448429
MS01451,2,212,low,High,2.3799999,194.71473480784186,9.56532592521
MS01451,2,217,low,Medium,3.43,141.579106615637,7.828362954720001
MS01451,2,218,low,Low,1.935,133.95739605254025,7.8976516964400005
MS01451,3,305,high,Control,2.98,205.53908947247746,9.389067672929999
MS01451,3,310,low,High,2.83,193.7826714929972,9.80764253997
MS01451,3,313,low,Medium,4.2,142.55924306248792,10.305914223330001
MS01451,3,317,low,Low,1.86,195.41713628811803,9.28186622253
MS01451,3,318,low,Control,2.03499995,139.5445116912706,9.05355706365
MS01451,4,406,high,Control,2.5899999,141.20658974114772,8.374871071050002
MS01451,4,412,low,Medium,3.11499995,129.53758753149228,9.636630497010001
MS01451,4,414,low,Control,3.72,157.1239784546465,8.837547400110001
MS01451,4,415,low,Low,3.0499999,103.13456165226901,9.507950797949999
MS01451,4,418,low,High,3.62,146.88345967301012,8.94788856555
MS01451,5,509,high,Control,2.81,194.2754158641714,9.80111429748
MS01451,5,510,low,High,2.7749999499999998,134.25677924171126,8.82747038151
MS01451,5,512,low,Low,3.6,134.69787858844052,9.652685408850001
MS01451,5,514,low,Medium,3.6,132.69591969006495,9.684502141380001
MS01451,5,516,low,Control,2.52,124.11118644067801,9.11569974843
MS01451,6,603,high,Control,3.94,130.4918381788063,8.635764491969999
MS01451,6,610,low,Medium,2.89,111.37797108708564,8.12001669468
MS01451,6,612,low,Control,2.73,181.11680570717763,7.635687108720001
MS01451,6,615,low,High,3.69,167.19341440480565,8.57634190875
MS01451,6,618,low,Low,3.73,164.196912761542,9.0548770554
NC01451,1,103,low,Control,4.8399999,NA,NA
NC01451,1,104,low,High,6.075,NA,NA
NC01451,1,106,low,Low,5.94,NA,NA
NC01451,1,109,low,Medium,5.69,NA,NA
NC01451,1,112,high,Control,4.99999995,NA,NA
NC01451,2,202,low,Medium,4.21499995,NA,NA
NC01451,2,205,low,Control,4.3899999,NA,NA
NC01451,2,207,low,Low,3.8999999499999998,NA,NA
NC01451,2,208,low,High,3.56,NA,NA
NC01451,2,217,high,Control,2.62,NA,NA
NC01451,3,301,low,Control,3.5299999,NA,NA
NC01451,3,304,low,Medium,2.65999995,NA,NA
NC01451,3,305,low,High,3.4599999,NA,NA
NC01451,3,306,low,Low,3.73,NA,NA
NC01451,4,401,low,Medium,3.18,NA,NA
NC01451,4,402,low,High,3.2349999,NA,NA
NC01451,4,407,low,Low,3.63999995,NA,NA
NC01451,4,409,low,Control,4.1799999,NA,NA
NC01451,4,415,high,Control,1.045,NA,NA
NC01451,5,501,low,Low,4.359999950000001,NA,NA
NC01451,5,503,low,Control,3.6699999,NA,NA
NC01451,5,507,low,High,4.5899999,NA,NA
NC01451,5,508,low,Medium,3.1099999,NA,NA
NC01451,5,510,high,Control,3.33,NA,NA
NC01451,6,601,low,High,1.79,NA,NA
NC01451,6,602,low,Low,2.81,NA,NA
NC01451,6,603,low,Medium,3.32499995,NA,NA
NC01451,6,604,low,Control,3.37,NA,NA
NC01451,6,616,high,Control,3.25,NA,NA
ND01451,1,101,high,Control,3.3749999500000003,248.08088396292348,10.371076101209999
ND01451,1,110,low,Low,3.9149999500000003,192.0635272403393,9.01175597058
ND01451,1,113,low,Medium,3.72,234.10724028289746,8.49961485285
ND01451,1,114,low,High,3.94999995,215.23758021225171,8.69591734836
ND01451,1,118,low,Control,4.75999995,232.83524629358547,9.134391928860001
ND01451,2,203,high,Control,2.22,363.5911677905885,10.114602290430001
ND01451,2,212,low,Medium,3.15499995,264.3254351313961,8.61074416983
ND01451,2,215,low,Control,2.56,327.6232868304556,9.50267843646
ND01451,2,216,low,High,2.21999995,239.05773174130056,9.83486276685
ND01451,2,217,low,Low,2.77,227.7983750946711,8.99290760445
ND01451,3,306,high,Control,2.32499995,276.2114761488762,9.647124069330001
ND01451,3,310,low,Low,2.0799999,278.3010289057948,7.95550878606
ND01451,3,311,low,High,1.69,226.90490444432535,8.38226739504
ND01451,3,314,low,Medium,2.67,200.5869009985801,8.677450693560003
ND01451,3,318,low,Control,2.44999995,185.57987658233,8.624725755690001
ND01451,4,408,high,Control,0.99,308.8445542415081,9.64444287939
ND01451,4,412,low,Low,1.59,154.25317643501015,7.12456158678
ND01451,4,413,low,High,1.74,210.8504536164266,7.052003234430001
ND01451,4,416,low,Control,1.49,157.78585170296716,8.32829883402
ND01451,4,418,low,Medium,2.24,170.0650599033489,8.92482508533
ND01451,5,506,high,Control,1.6799999,187.17860772802274,9.89213126022
ND01451,5,510,low,Control,1.31,321.1607282597577,8.89784695569
ND01451,5,513,low,Low,1.44,218.64071518368934,8.150164397100001
ND01451,5,515,low,Medium,2.21,132.88349088343713,8.986184622029999
ND01451,5,517,low,High,2.2750000000000004,256.33716604055337,10.02077911395
ND01451,6,605,high,Control,1.12,287.40536893409984,9.892137417359999
ND01451,6,610,low,High,1.55,212.60157734507737,7.77506563482
ND01451,6,614,low,Low,1.80499995,182.87549564223016,7.82072590035
ND01451,6,615,low,Control,1.78,166.35361100360524,7.80202221447
ND01451,6,616,low,Medium,1.6499999,199.41724244061493,7.99947598857
ND02451,1,101,low,Low,8.2599999,155.11590694179822,6.72797665683
ND02451,1,102,low,Control,5.04,200.4490392018358,7.707946407150001
ND02451,1,105,low,High,6.9,125.33282156651798,6.916808215350001
ND02451,1,109,low,Medium,6.69,100.35284568136902,7.49138340357
ND02451,1,117,high,Control,9.6699999,95.32903328806506,3.6010479087
ND02451,2,201,low,Medium,7.4,124.47372197040514,6.71337267942
ND02451,2,203,low,High,7.15,191.77850172919787,7.776456239310001
ND02451,2,207,low,Low,4.95,156.7594027407891,6.67447348656
ND02451,2,209,low,Control,5.4599999,147.4782943614526,6.10623384492
ND02451,2,215,high,Control,6.9299999,260.80671887045577,7.75591939353
ND02451,3,301,low,Control,9.63,163.8195707826946,7.6764297380099995
ND02451,3,302,low,Low,3.18,287.18264656955597,8.572292404170001
ND02451,3,305,low,Medium,2.66,228.6381945185459,8.26532702325
ND02451,3,306,low,High,3.5099999,151.20716876840865,8.79661377408
ND02451,3,315,high,Control,1.1899999,320.0356058484277,7.68512769519
ND02451,4,402,low,Medium,3.81,187.35317959167355,8.773795062120001
ND02451,4,404,low,Low,3.52,152.92337091807306,8.93441195295
ND02451,4,405,low,Control,3.56,199.37836944906488,9.57282584214
ND02451,4,408,low,High,2.16,207.30152258064518,8.163005231700001
ND02451,4,418,high,Control,3.7599999,158.61801873048904,8.02821375609
ND02451,5,502,low,High,2.21,143.02186440677968,8.058817676250001
ND02451,5,503,low,Control,2.6299999,333.732137831788,9.10165969482
ND02451,5,505,low,Low,2.99,175.3760964154477,8.69509734522
ND02451,5,508,low,Medium,2.8199999,162.69008643303528,8.866036348949999
ND02451,5,515,high,Control,0.45,188.80820487046162,6.40784353605
ND02451,6,601,low,Medium,3.4399999,125.77608712623828,7.54410805302
ND02451,6,603,low,Low,1.4399999,241.4603801184629,9.13527031824
ND02451,6,605,low,High,2.5699999,209.75221707082534,8.9019959589
ND02451,6,608,low,Control,3.0499999,168.53461422118318,7.53017521014
ND02451,6,618,high,Control,6.3799999,177.57717304363646,7.002163625160001
NE01451,1,104,low,Low,NA,261.1372583941763,14.66553
NE01451,1,105,low,Medium,NA,275.9233705956014,15.65618999373
NE01451,1,107,low,Control,NA,226.38629723040384,14.7345
NE01451,1,108,low,High,NA,220.40938812532266,15.00411
NE01451,1,110,high,Control,NA,240.15090207873163,14.2329
NE01451,2,205,low,High,NA,264.798250356479,16.27065
NE01451,2,206,low,Low,NA,241.87159086400118,15.32388
NE01451,2,207,low,Control,NA,225.2792323929241,14.822280000000001
NE01451,2,209,low,Medium,NA,210.80706336748563,13.449150000000001
NE01451,2,217,high,Control,NA,203.4316000700189,13.70621999373
NE01451,3,302,low,Control,NA,158.708642715627,15.675
NE01451,3,304,low,High,NA,246.29371369295177,16.389779993730002
NE01451,3,307,low,Medium,NA,251.81151925780006,14.32695
NE01451,3,308,low,Low,NA,195.28520840011294,14.4837
NE01451,3,312,high,Control,NA,226.95442247658693,16.18287
NE01451,4,402,low,Medium,NA,236.4149843912591,15.073080000000001
NE01451,4,405,low,Low,NA,152.88124775863187,14.32695
NE01451,4,406,low,Control,NA,247.42361010494017,14.55893999373
NE01451,4,407,low,High,NA,208.82664597259213,13.605900000000002
NE01451,4,417,high,Control,NA,194.31824190109177,13.81281
NE01451,5,501,low,Control,NA,212.63537981269516,14.678069993730002
NE01451,5,502,low,Low,NA,179.28217428878818,15.348960000000002
NE01451,5,503,low,Medium,NA,216.8309846734511,15.982230000000001
NE01451,5,504,low,High,NA,241.70115164935189,13.605900000000002
NE01451,5,513,high,Control,NA,227.94476093052796,11.60576999373
NE01451,6,601,low,Low,NA,189.15444716838041,14.18273999373
NE01451,6,604,low,High,NA,235.2001974867752,11.492910000000002
NE01451,6,605,low,Medium,NA,252.51734240331578,13.41153
NE01451,6,609,low,Control,NA,212.10655562310097,11.89418999373
NE01451,6,616,high,Control,NA,269.657483885296,14.32695
NE02451,1,101,low,High,NA,235.9540510504007,15.27183899373
NE02451,1,102,low,Low,NA,224.25514970984014,16.641834000000003
NE02451,1,105,low,Control,NA,300.7482315129053,15.353976000000001
NE02451,1,107,low,Medium,NA,274.44841408843195,15.711366000000002
NE02451,1,116,high,Control,NA,337.1096667395663,14.247948000000001
NE02451,2,202,low,High,NA,301.14722908385863,15.395985000000001
NE02451,2,203,low,Control,NA,277.94291296660657,15.23672699373
NE02451,2,204,low,Medium,NA,290.61376223759476,16.15089299373
NE02451,2,209,low,Low,NA,274.85953199597884,15.603522000000002
NE02451,2,214,high,Control,NA,336.7885666380647,14.916330000000002
NE02451,3,304,low,Low,NA,230.9001064173481,15.522012
NE02451,3,305,low,Medium,NA,244.61573994454116,15.515742000000001
NE02451,3,307,low,Control,NA,348.30451873313484,15.18782099373
NE02451,3,308,low,High,NA,278.0913463257337,15.946491000000002
NE02451,3,315,high,Control,NA,234.86974940730659,14.298735
NE02451,4,401,low,Medium,NA,245.97750352164502,15.780336000000002
NE02451,4,403,low,Low,NA,309.16000277959057,15.647412000000001
NE02451,4,404,low,Control,NA,180.18327064979997,15.12888299373
NE02451,4,406,low,High,NA,301.2619060558186,15.397866000000002
NE02451,4,411,high,Control,NA,326.0835385386883,14.659887000000001
NE02451,5,501,low,Control,NA,403.7573218293092,15.198480000000002
NE02451,5,502,low,Medium,NA,441.0072786771883,16.378494000000003
NE02451,5,505,low,High,NA,260.27230500948434,16.308897
NE02451,5,506,low,Low,NA,309.13327054022125,15.40915199373
NE02451,5,518,high,Control,NA,293.17255548069636,15.002856000000001
NE02451,6,602,low,High,NA,276.59473241973706,15.686286000000003
NE02451,6,605,low,Low,NA,282.30345091450846,15.760272
NE02451,6,606,low,Control,NA,256.7987677322783,15.29566499373
NE02451,6,609,low,Medium,NA,276.7117699501538,15.927054000000002
NE02451,6,613,high,Control,NA,233.155474789091,15.19785299373
NE03451,1,101,low,High,1.32,228.55053156336425,17.44947222975
NE03451,1,103,low,Control,3.94,231.74754607812721,15.80436431409
NE03451,1,106,low,Medium,4.960000000000001,136.08931374451052,16.97548400559
NE03451,1,107,low,Low,1.4099999,209.94668931271613,17.28099939258
NE03451,1,115,high,Control,0.22,173.24809173824048,16.859629710660002
NE03451,2,203,low,High,1.56,232.5222799343904,17.4298899852
NE03451,2,204,low,Control,3.80999995,161.0262309153013,17.044632963930002
NE03451,2,206,low,Medium,1.72,187.02166570815115,17.16379161156
NE03451,2,209,low,Low,1.8899999,167.43311390594414,17.689065087539998
NE03451,2,216,high,Control,2.79,201.23655680211803,17.242524622290002
NE03451,3,301,low,Medium,2.64,168.46328594860583,17.22111704907
NE03451,3,303,low,Low,2.75,194.59860686630557,17.08505571036
NE03451,3,307,low,Control,2.29,192.66274333843455,17.154112311600002
NE03451,3,309,low,High,2.85,168.07069813221506,17.512399191209997
NE03451,3,311,high,Control,2.0099999,204.96640911164252,17.270858351010002
NE03451,4,402,low,Low,1.74,196.4995149826276,16.94622101898
NE03451,4,405,low,Control,4.5,136.38832195777704,16.67595397314
NE03451,4,406,low,High,1.4099999,219.43041790862353,16.688118023940003
NE03451,4,407,low,Medium,2.0299999,172.8965678407027,17.21600324334
NE03451,4,418,high,Control,2.47,176.4983945327736,17.628076007519997
NE03451,5,501,low,High,3.74,148.53878480655416,17.34858707703
NE03451,5,502,low,Control,1.63999995,171.247811910263,17.61541702173
NE03451,5,505,low,Medium,0.95,206.9171678512849,17.034688167090003
NE03451,5,506,low,Low,1.8199999500000001,162.66536887775803,16.9880982612
NE03451,5,511,high,Control,2.0699999,202.86847504659116,16.17006217068
NE03451,6,601,low,Low,3.8599999,199.58777932591406,16.66076405796
NE03451,6,606,low,Control,2.81,185.01364207749603,16.71192377811
NE03451,6,607,low,Medium,2.8799999,180.44788620610595,17.10123115668
NE03451,6,608,low,High,2.145,190.10675030672988,16.21599264813
NE03451,6,614,high,Control,1.135,167.54898124305547,17.814665056650004
NE04451,1,102,high,Control,NA,147.20767506673812,15.552047494500002
NE04451,1,110,low,Low,NA,230.69056861673045,11.81370973464
NE04451,1,116,low,Control,NA,198.02543350421217,13.163056590090001
NE04451,1,117,low,Medium,NA,233.35689097438961,13.50295453782
NE04451,1,118,low,High,NA,169.00879938239257,12.85440712479
NE04451,2,201,high,Control,NA,190.0846724633592,15.151369690380001
NE04451,2,211,low,Medium,NA,230.4570152608808,12.449114776230001
NE04451,2,212,low,Low,NA,229.23733298647244,14.007798761220002
NE04451,2,216,low,High,NA,179.730990895048,13.99576457466
NE04451,2,218,low,Control,NA,277.7533806486888,12.020342776200001
NE04451,3,303,high,Control,NA,198.34785975699256,14.756610860310001
NE04451,3,311,low,Low,NA,256.2110164913495,14.42841810597
NE04451,3,312,low,Control,NA,257.6280636596532,11.834401606170001
NE04451,3,313,low,High,NA,240.23649828076404,13.97093721177
NE04451,3,316,low,Medium,NA,234.7849474057744,14.598535902720002
NE04451,4,405,high,Control,NA,328.9981350480833,15.25746965853
NE04451,4,410,low,Control,NA,283.121331099314,12.95069504454
NE04451,4,413,low,Medium,NA,307.6834860705273,14.30121935583
NE04451,4,417,low,Low,NA,366.27200782257853,13.60441398492
NE04451,4,418,low,High,NA,280.46053181513463,14.667370295160001
NE04451,5,504,high,Control,NA,353.4869509296795,15.00211114908
NE04451,5,514,low,High,NA,325.1206950238365,13.493341618350001
NE04451,5,515,low,Medium,NA,384.9494562530014,13.74939563382
NE04451,5,517,low,Low,NA,351.8878423866383,14.13655012638
NE04451,5,518,low,Control,NA,378.34425148323334,11.93426804064
NE04451,6,605,high,Control,NA,217.86835425340723,14.70621157203
NE04451,6,611,low,Medium,NA,159.12235957547344,13.28181987033
NE04451,6,612,low,Control,NA,233.87782936201384,11.715929805690001
NE04451,6,615,low,High,NA,187.95424614896214,14.435967612330002
NE04451,6,617,low,Low,NA,280.6788734035788,13.45813946202
SC01451,1,102,low,Control,3.04,156.98763096350905,11.68954997199
SC01451,1,103,low,High,2.7799999,89.90120353445388,12.1654864419
SC01451,1,104,low,Low,2.6499999,190.41163704624148,11.99688415431
SC01451,1,109,low,Medium,3.17499995,211.3508917872387,11.115427063950001
SC01451,1,117,high,Control,2.2549999,158.99464340476283,9.28010163762
SC01451,2,203,low,Control,3.49499995,179.4290631536098,12.68590419789
SC01451,2,206,low,High,1.75,195.5778722879914,12.34836430311
SC01451,2,208,low,Medium,0.73,234.2520537652975,11.228345305980001
SC01451,2,209,low,Low,1.99,178.2886673839045,11.80377648087
SC01451,2,215,high,Control,2.635,161.0028462288125,11.626516502040001
SC01451,3,306,low,Low,2.45,147.92376444029,12.56471030826
SC01451,3,307,low,Medium,1.95,184.57346444910846,11.94495726204
SC01451,3,308,low,High,2.56,170.14326974883213,10.83750153915
SC01451,3,309,low,Control,1.2549999500000002,148.3202851443126,10.196967292710001
SC01451,3,311,high,Control,1.24,129.205182410499,10.728793953240002
SC01451,4,401,low,Low,1.94,156.97848853406472,11.94464119134
SC01451,4,402,low,Control,2.97,175.66235690359105,12.0311631033
SC01451,4,403,low,Medium,3.18999995,186.03751259105104,12.53297919258
SC01451,4,407,low,High,2.0949999999999998,185.00813996719526,12.74913280278
SC01451,4,413,high,Control,1.84,142.10160185541193,12.6281642883
SC01451,5,501,low,High,2.2649999000000003,166.25370549745148,11.41746219339
SC01451,5,504,low,Medium,4.28,198.2361291169157,12.963378978660002
SC01451,5,506,low,Low,3.9049999,155.96729311728737,13.682907067830001
SC01451,5,509,low,Control,1.95,165.69418281403142,12.77577924315
SC01451,5,518,high,Control,NA,129.49813706715153,11.51529682182
SC01451,6,603,low,High,NA,143.05547508319194,12.914192314650002
SC01451,6,605,low,Low,NA,202.7414956877547,12.31745773005
SC01451,6,606,low,Medium,NA,193.2307278896522,12.90770042562
SC01451,6,607,low,Control,NA,117.93746372951907,10.798863510600002
SC01451,6,610,high,Control,NA,178.84195262068306,12.264750272940002
SD01451,1,104,low,Low,-0.5449999999999999,147.37244044689743,11.72099454867
SD01451,1,105,low,High,0.47,110.56938508968413,11.11164626022
SD01451,1,106,low,Medium,2.1699999,104.63162308399913,10.857820163849999
SD01451,1,109,low,Control,0.88,128.70879375932557,10.5694902951
SD01451,1,116,high,Control,0.16,115.52113852050589,11.04387676458
SD01451,2,201,low,Medium,0.72,152.637692022787,11.10996089676
SD01451,2,202,low,Control,1.74499995,139.75328295490226,12.51897077112
SD01451,2,206,low,Low,1.5049999500000002,137.42791006061682,11.411915086770001
SD01451,2,208,low,High,1.01,133.49721550916098,12.30699882456
SD01451,2,210,high,Control,2.36499995,120.59422240521229,11.132127466020002
SD01451,3,304,low,Medium,-0.07999999999999999,270.8953813536162,11.71392121746
SD01451,3,305,low,Low,1.3,166.4445478558705,12.46345767711
SD01451,3,307,low,Control,3.3999999,184.41226937570917,11.53764202965
SD01451,3,308,low,High,2.14,130.5759243255319,12.33921408456
SD01451,3,312,high,Control,3.0999999000000003,215.9552286407548,11.65734611085
SD01451,4,402,low,Medium,-0.42,147.2638163939251,12.52089566739
SD01451,4,404,low,Control,0.525,178.82001685802805,12.806807159520002
SD01451,4,406,low,High,1.53,174.9028377925537,12.62315161767
SD01451,4,407,low,Low,1.71,177.87603381012013,12.30499890147
SD01451,4,414,high,Control,1.47,133.66155853671884,11.466585499050002
SD01451,5,502,low,High,2.3349999500000003,207.52982624914023,12.31720624035
SD01451,5,506,low,Medium,2.265,158.17343463738058,12.31368544725
SD01451,5,508,low,Low,1.98,184.0327418137716,12.918020933400001
SD01451,5,509,low,Control,3.81,197.4509361786703,12.76421421561
SD01451,5,517,high,Control,2.0499999,201.97377829591352,10.18151043228
SD01451,6,604,low,Medium,2,127.41241461991696,13.728063087419999
SD01451,6,606,low,Low,1.72,142.49215483841957,13.831614808440001
SD01451,6,607,low,Control,2.66,123.51111017475903,13.816631238960001
SD01451,6,609,low,High,1.6599999,160.12897989076825,13.48648473381
SD01451,6,613,high,Control,NA,160.52131095028503,12.441400776420002
SD02451,1,102,high,Control,7.28,200.488563835976,13.721950759110001
SD02451,1,110,low,Control,5.91,321.1116254842826,15.25953307164
SD02451,1,113,low,Medium,2.89499995,163.09221790723532,16.57426649868
SD02451,1,116,low,Low,2.6,236.61760519314745,15.143652806370001
SD02451,1,117,low,High,4.720000000000001,305.76590674926194,14.59808570418
SD02451,2,206,high,Control,3.4199999,245.66976489885192,14.50465770699
SD02451,2,210,low,Low,4.61,209.3639739677949,15.626694082890001
SD02451,2,212,low,High,2.6299999,168.99889826243853,15.53854150068
SD02451,2,217,low,Control,3.27,191.94292755800606,15.75682202028
SD02451,2,218,low,Medium,1,157.51828105631026,15.87496771806
SD02451,3,309,high,Control,4.195,254.44608758531905,14.01556182378
SD02451,3,311,low,Medium,1.77,100.03863677783852,16.623251695049998
SD02451,3,312,low,Low,1.53,113.38698742482232,15.11443599204
SD02451,3,314,low,Control,1.32,189.14160743575727,15.372706371
SD02451,3,316,low,High,-0.41,241.47722665716861,15.49244219721
SD02451,4,406,high,Control,4.7599999,151.09896118097325,14.797316421360001
SD02451,4,413,low,Control,0.56,124.3120788385291,15.377248772820002
SD02451,4,414,low,High,0.54,194.14328412611627,15.40797490782
SD02451,4,416,low,Medium,1.01,120.87916889119741,15.521226124470003
SD02451,4,418,low,Low,1,216.86502642609807,14.878785265080001
SD02451,5,505,high,Control,4.07,189.77029336927285,14.48466999408
SD02451,5,512,low,Medium,0.43,118.43127392017497,15.84189246486
SD02451,5,514,low,Low,0.67,137.46464664279793,15.54768690387
SD02451,5,515,low,High,1.4599999,163.50734456949152,15.675263709929999
SD02451,5,516,low,Control,1.78,193.69702127632587,15.42457746654
SD02451,6,609,high,Control,3.0299999,146.61344396391473,13.98869124345
SD02451,6,611,low,High,0.835,211.36521495500017,15.053947615410001
SD02451,6,612,low,Control,2.6699999,186.8599145193625,14.58670372929
SD02451,6,617,low,Low,2.5899999,194.60688090176785,14.98548838842
SD02451,6,618,low,Medium,1.1399999,153.46213037977157,15.561963436800001
TX01451,1,102,high,Control,NA,97.49895585460065,11.72259622017
TX01451,1,111,low,Control,NA,119.94587071494503,7.614696383910001
TX01451,1,112,low,Low,NA,111.58939375745022,8.266360570049999
TX01451,1,113,low,Medium,NA,113.8986087938059,11.743461250290002
TX01451,1,117,low,High,NA,86.23189719042665,11.23958380446
TX01451,2,203,high,Control,NA,78.35678311899059,9.62250082629
TX01451,2,210,low,Medium,NA,118.79279753082069,7.870357916190001
TX01451,2,215,low,Low,NA,144.7418420646071,8.74772802618
TX01451,2,217,low,Control,NA,133.6945818842556,8.886049022729999
TX01451,2,218,low,High,NA,179.92634164252078,10.996302769649999
TX01451,3,306,high,Control,NA,120.25804801047688,8.77139237304
TX01451,3,310,low,High,NA,150.0599323721216,10.62936108927
TX01451,3,311,low,Medium,NA,133.478428158051,8.713068412950001
TX01451,3,315,low,Control,NA,117.62806041258814,8.18763332145
TX01451,3,316,low,Low,NA,121.01016582303039,8.77139237304
TX01451,4,407,high,Control,NA,137.90317429358356,8.26679345085
TX01451,4,410,low,Control,NA,122.967318306814,8.60819495085
TX01451,4,413,low,Medium,NA,144.8203620440102,8.58150041331
TX01451,4,417,low,High,NA,124.36143875553364,9.938391006720002
TX01451,4,418,low,Low,NA,102.93705052999174,7.25684528184
TX01451,5,507,high,Control,NA,101.98786224922137,10.192523010120002
TX01451,5,511,low,High,NA,105.57979222561248,9.79028682258
TX01451,5,513,low,Control,NA,156.02206757933388,9.76829629611
TX01451,5,514,low,Low,NA,124.42849817692263,9.46874028705
TX01451,5,515,low,Medium,NA,126.4975429313862,11.12686070364
TX01451,6,609,high,Control,NA,111.92591588879556,10.84127243628
TX01451,6,610,low,Control,NA,115.58536595001678,11.02403623365
TX01451,6,614,low,Low,NA,143.89060441983108,10.88271390096
TX01451,6,616,low,High,NA,126.9829423334946,10.46053617279
TX01451,6,618,low,Medium,NA,96.39602109384646,8.287716196320002
WI01451,1,103,low,Low,4.749999949999999,113.91505628845393,12.447692991030001
WI01451,1,104,low,Control,4.78,138.96110345969325,12.55387856976
WI01451,1,106,low,Medium,3.0899999,323.56494967459747,12.36495242829
WI01451,1,108,low,High,4.98,208.23223815212535,12.60927430818
WI01451,1,112,high,Control,6.6299999,163.0058076885542,12.91750147017
WI01451,2,205,high,Control,5.38499995,212.8379762582527,12.65590461795
WI01451,2,210,low,High,5.6299999,221.2227576030148,10.931404739640001
WI01451,2,214,low,Low,4.44499995,219.86623716898106,10.956877580220002
WI01451,2,215,low,Control,6.95,279.897147973179,11.61418850328
WI01451,2,216,low,Medium,5.8899999,230.78586733452096,12.04251703875
WI01451,3,301,low,Low,6.6799999,226.05133483585115,14.65756209654
WI01451,3,303,low,Medium,6.3099999,205.4972662217059,12.798500588280001
WI01451,3,307,low,Control,7.5199999,196.41896258252652,14.03758697946
WI01451,3,309,low,High,3.2599999,276.5904217593491,12.951816697380002
WI01451,3,311,high,Control,6.07,172.04270410812572,12.449859338729999
WI01451,4,404,high,Control,4.3099999,225.1187979376474,12.87021894873
WI01451,4,411,low,High,6.11,235.9509789073294,12.81476357007
WI01451,4,413,low,Control,3.97,218.42856955621966,12.343617957000001
WI01451,4,414,low,Medium,2.93,204.1845875588635,13.00495566216
WI01451,4,415,low,Low,5.32,241.34858760831938,11.80026145617
WI01451,5,502,low,Low,3.215,278.8756054368978,11.89259666133
WI01451,5,505,low,Medium,4.18499995,196.00705044612897,12.59527963683
WI01451,5,508,low,High,4.66,191.10282516916823,12.32935586388
WI01451,5,509,low,Control,4.23,241.74163569462914,11.91704981808
WI01451,5,511,high,Control,5.91,254.03858523783495,12.24683655063
WI01451,6,606,high,Control,6.49,239.99850748348874,14.879364368550002
WI01451,6,610,low,Control,7.51499995,184.43118033644438,14.041355957970001
WI01451,6,612,low,Medium,3.85,251.69545821269355,14.090321917979999
WI01451,6,616,low,High,5.9,153.07951108607824,13.513412063910001
WI01451,6,618,low,Low,9.37999995,215.50900475728562,13.94576353797
