a..Intercept.,a.MicrobePROVEN40,a.Year2022,a.MicrobePROVEN40.Year2022,b..Intercept.,b.Year2022,ymax..Intercept.,ymax.Year2022,n
7.42944279780125,1.118265519152,0.6699091067516345,-0.9253088836038327,0.07333454861372063,-0.020553347420936355,17.488675875720794,-1.7016067777227921,300
7.265146700417516,0.7711306195386167,0.1585248375945522,-0.32801551953874625,0.07358726923914659,-0.015861659663397473,17.26548285699864,-1.612767017316476,299
7.7819895169798565,1.4103013123913157,-0.35893876504060673,-1.0533753241263508,0.06508365682453897,-0.005965228281621653,17.64430789080237,-2.020104699186753,298
7.654573417253027,0.8431581525829432,-0.13314158733116063,-0.4106051796839717,0.07154807768658382,-0.019179884763221012,17.615750623652055,-2.077491825962926,297
7.30482242657496,1.1403279915865134,0.48791681953274635,-0.9426562029911953,0.0744271416583314,-0.019199029507493675,17.53418994614978,-2.036342674364547,296
7.553290751552211,0.8854218065372185,0.31752969365186906,-0.5727647004650815,0.07518948418015299,-0.021046936077382766,17.288177915283725,-1.7507481307208272,295
7.833176341589479,0.8906212719258617,-0.46774595377463984,-0.18968638093299897,0.07310249012904552,-0.017784142824349706,17.186043111438174,-1.6524678789865253,294
7.544557761574835,1.3506381191826615,-0.21305109983828405,-0.9637848332135069,0.07436195342103999,-0.016596407151027684,17.095056425141482,-1.4501348391986146,293
7.943705780940315,1.0418689232504696,-0.5549972246262633,-0.614147517376898,0.06471460136002069,-0.009816911751572377,17.40366347197248,-1.7271846450575474,292
7.746603819284079,0.8826032764253693,-0.1421150377778822,-0.423445903789677,0.07272511479691056,-0.017763503769925446,17.221985965500057,-1.4999662699032938,291
7.58540165866404,0.9167854936630823,-0.026183538739231463,-0.3400059746306449,0.07313190582819672,-0.01814277893104899,17.54481916623378,-1.7622216854477726,290
7.403131602271743,0.9858170662277672,0.450926715301305,-0.5272402344611398,0.07435612801663637,-0.021064019396020636,17.399169412835622,-1.8910738895997674,289
7.767600009298531,1.1587597136752628,-0.11241973629340977,-0.6970676264663602,0.06749040408977933,-0.013075180444795786,17.475692994442035,-1.9746268988414335,288
7.96347635850795,0.7579431119463139,-0.00376479392775991,-0.5260867121488495,0.06902360491143744,-0.016916461833896935,17.394787121177494,-1.8132893908372356,287
7.877558315747978,1.113440490987295,0.07454353489515982,-1.0605591886682155,0.06749944023071577,-0.015643232377697918,17.550901088445666,-1.8137867187774952,286
7.973755146885726,0.7416669573880164,0.04505723547375329,-0.3190031880677231,0.0687619776624925,-0.019402478720625234,17.533512838356906,-2.0908840798187,285
7.4071295441082405,1.1443474570190642,0.18434247939903617,-0.8341445939602776,0.0717808804902079,-0.016964033013399743,17.31985523373649,-1.6111804587728227,284
7.634545687155232,1.2744219315666965,-0.4006168720223164,-0.561161649364911,0.07111474511434088,-0.011309973255929851,17.361375851717433,-2.003596344918303,283
7.542430944896054,1.0753258425064214,-0.09337151797463135,-0.920010307737906,0.07099493851808152,-0.01359943321137309,17.20686572088324,-1.5444880959708274,282
7.723164648431214,0.8661212588480331,-0.42461322075863456,-0.323006520498316,0.07305550190973922,-0.013733032053142512,17.393872889591663,-1.9846646307958202,281
7.916574066777498,0.8054337943953004,-0.11639003402183454,-0.8558529084134864,0.06805579890762742,-0.01228508965020955,17.42060916772465,-1.8190353472926715,280
8.025051341122547,0.7858471399690785,-0.5196534211836852,-0.238588100827329,0.0676934622854238,-0.014532304212490287,17.142731687762737,-1.4256772615703055,279
7.703102853027908,0.9575669978770757,0.0214432337055783,-0.7114957455250202,0.07068518423448897,-0.01351991785150067,17.236897461796065,-1.719948553505129,278
7.913335480329069,0.9990604557236297,-0.6805978679771815,-0.48759295907131567,0.06807993741934226,-0.010378535074253093,17.300772995805957,-1.829053811112491,277
7.225862086640144,1.5347965398202443,0.18689419645760447,-1.402024817190147,0.07055842185914636,-0.01215456209522304,17.619586355989533,-2.171937334311886,276
7.75617824941625,0.743009899639966,0.059269267676499995,-0.5845386183838172,0.07737387628571894,-0.024973521611920523,17.32477485640055,-1.490298588724491,275
8.340041336483647,0.7600219375817501,-0.4935031568461458,-0.2759519141656031,0.06738055101419067,-0.01609705163000155,17.19579323469085,-1.4771925958247656,274
7.5188668198138275,1.0340131800517998,-0.04586838119144131,-0.8244745419789085,0.07271199036359499,-0.013985590463299126,17.30448848636586,-1.908959403297708,273
7.884329324200525,0.7498267645929542,0.09061828776611142,-0.3847010740339168,0.07048389007464308,-0.01949553950147298,17.281219075089275,-1.8259011593568166,272
7.853212317248786,0.7451028384652313,-0.12824639438195587,-0.510488446859073,0.07446173058050891,-0.021255609722904998,17.21335369900813,-1.8011923930397395,271
7.659253124524232,1.0961525232374136,-0.05045179644465045,-0.7333146856671356,0.07098999903445576,-0.013158224062580718,17.23726381332097,-1.6585823560374313,270
7.733703279688434,1.2213298521858418,-0.4849748600427623,-0.6849802318426589,0.0686531094107319,-0.010778434936718127,17.32121754768758,-1.8417118866810378,269
7.91486767506717,0.6186473521719922,-0.6140019720620221,-0.17368435471877233,0.06918654790386057,-0.01327723154813654,17.641137365616167,-2.258778223636828,268
7.833492834325937,0.589591967683918,-0.17811236576849074,-0.1471232467913091,0.07244106206988353,-0.018784707690076882,17.550073177436197,-1.7067590812938198,267
8.051026257857092,0.5714521677146603,-0.5736362183565449,-0.37124372943317646,0.0710276831055247,-0.01381190364644879,17.465571524629087,-1.9879601011270533,266
7.246017912934972,1.2702486947026232,0.20781774254955646,-1.0139796638374883,0.07897811416031447,-0.01947619079142833,17.251532093044375,-1.6869328266112316,265
7.593157132610126,1.2105585950035493,0.2856984160111477,-1.245173952972317,0.07368968686879562,-0.021481567191915553,17.164142112378407,-1.729856298008268,264
7.916246165130396,0.9445311116925741,-0.3311312012365518,-0.9276356229155724,0.06596235279040592,-0.008032401711791443,17.532518066194594,-2.0775509908850744,263
7.526322601621962,1.153685727693312,-0.30661304646066606,-0.6307609282676254,0.06953470267773199,-0.00805563531375495,17.296926649192926,-2.0996480819636805,262
7.57744560522802,1.20573046723587,0.07939393391137696,-1.003799843017349,0.0705378961153294,-0.015417686882010975,17.359512149865832,-1.8834864609256319,261
7.638172925809127,1.2053073182594503,0.0742171046455383,-1.0223754635137765,0.07155036957951057,-0.017532439582826926,17.45632818740353,-1.9603104905806337,260
7.707461545263712,0.9628596629818427,-0.13315883273223736,-1.0294174023152696,0.07211161524918404,-0.012605454015163884,17.30620800687129,-2.105266355036973,259
7.439345645350575,1.4029979864268074,0.35129821944264616,-1.453558270425216,0.07029841223661443,-0.015372766034815164,17.38419053856097,-1.9369624174914357,258
7.623210848371581,0.9887859029093252,0.021048210792283844,-0.6671198365470474,0.0755538327805514,-0.02185145596060627,17.263164498617606,-1.6288111513334076,257
7.6408782399090915,1.3748794913367077,0.3385318448757907,-1.4308317053313098,0.06821005818053798,-0.015977008985749913,17.37753080147719,-1.870132358893102,256
7.497830489192126,1.2309474936692193,-0.13129254797243847,-0.5579787512206293,0.0755465543296349,-0.022016750594515435,17.28602495498121,-1.845567550497761,255
7.671214383909292,0.8703650324397839,0.37601454456271216,-0.6820185256029042,0.07382038497639727,-0.02126757511993908,17.305204421188307,-1.6365470831146,254
7.768114632501616,0.8736104198716271,-0.0395909942295788,-0.8083354747844025,0.07018825218176107,-0.017277200757813593,17.31456788860997,-1.6022703537983622,253
7.92579723106993,0.8014659244803976,-0.07769436953418071,-0.8066232036616227,0.07038959113914896,-0.013541117213825392,17.387174830181365,-2.055106783751874,252
7.488969020506146,0.9939901930018823,-0.11626669721564693,-0.3450060203959592,0.0727274486170895,-0.015257421658560266,17.409067715620054,-2.024537925270986,251
7.4755399568933045,1.0121240783789092,0.600942948500263,-1.4088112744133643,0.07532888474270753,-0.017760273616532624,17.35170421662721,-1.8227315593694482,250
7.583995479567375,1.1471984680264238,0.46737606984378993,-1.2603623528334915,0.06935323445578515,-0.017503795858773298,17.53517404525771,-1.9389470799437638,249
7.399999168665409,1.2939029423085202,0.3126242572164072,-1.2123294277641907,0.07406152378792771,-0.01755327993215351,17.418811863029088,-1.7736101456179107,248
7.384666588124055,0.616210816833284,0.06639878084851268,-0.23987408717523293,0.07543481841114257,-0.018994544258631434,17.34785788493836,-1.7737822065104891,247
7.604958138349601,0.8622927549227666,-0.2095220786981979,-0.37391702183511827,0.07226143747064676,-0.018207693973268307,17.16909363899688,-1.2934841994459814,246
7.802206910432132,1.027901557291658,0.07220171260646777,-0.9420207314494525,0.06983324054850142,-0.017550808768926635,17.3615517266785,-1.731072011333794,245
7.868674197508303,1.3464260225378073,-0.18518695835091695,-0.7717925786873139,0.07041732066968823,-0.02003588785711394,17.346915121881473,-1.7745025355175885,244
7.848169825503198,0.7303242661666037,-0.5485473196212736,-0.5347963919375484,0.07215405660967562,-0.01211072973606914,17.350368599431206,-1.7303014071511769,243
8.15298762865238,0.8961260105583613,-0.6373607389809668,-0.3961861842123649,0.06486968740242337,-0.00777728541307007,17.440448993018943,-1.9817681323813707,242
7.679507011158556,0.9904696332688188,0.29621009166568063,-0.9211851394689594,0.07179258496918314,-0.021136207667675336,17.454917328119173,-1.9559578732747183,241
8.173387055166874,0.8612381382896095,-0.7286252111373522,-0.20268153067011388,0.06901319112391824,-0.012250548647768688,17.49736801604942,-2.0147082558424576,240
7.4325299466720915,0.8110928680052449,0.05043868961363345,-0.31749809370730736,0.07404872395813912,-0.017565434682871313,17.374346375743865,-2.0138271342879697,239
7.467609630265236,1.3140205412139208,0.07127528605260897,-0.8793047743428116,0.07083630487202842,-0.012407305649278257,17.270372820690493,-1.7233334045573405,238
7.453189088897428,1.281403860969105,0.34471904716527046,-1.283679968967334,0.07515681401533617,-0.020426687548265425,17.379541390963812,-1.7670775750136347,237
7.638762128717164,0.607611907593382,-0.12913892583297013,-0.2957888393522576,0.07616547750268397,-0.01987680349464735,17.212485551986227,-1.540838502298184,236
7.210484573785309,1.2834021909264783,0.5831383866772548,-1.17024587351294,0.0751267479092721,-0.020951044511848434,17.345436564972335,-1.45605473802128,235
7.630310365431617,1.251853028501431,0.014960915550041552,-1.0722017494474971,0.07237211337738705,-0.016716867315191567,17.243867337251658,-1.6802041758626713,234
7.672113917081834,0.7173432926255162,-0.16215249210906532,-0.26889990373070227,0.07228602348400041,-0.016884461542713784,17.28040884752571,-1.576910075462842,233
7.790453598698104,1.1676849839228243,-0.49480941394518385,-0.9589461874264185,0.07091344007966634,-0.013213828509581105,17.128386387528746,-1.7099008414057206,232
8.046971257956123,0.6034947639729514,-0.08329379369495672,-1.0846489548392733,0.07320717500180345,-0.01565786756849519,17.332202283926524,-1.8555526517180134,231
7.732224982787726,0.7541516690041457,-0.0900050899688315,-0.4681806020249782,0.0742608548563792,-0.021064588428841003,17.57934583457055,-1.9592114865026522,230
7.7344212732576025,1.148742207631157,-0.16958305458835318,-1.0303931967408508,0.07131467466930436,-0.008724605276568051,17.360393168684524,-2.0441477547152114,229
7.953978544642052,0.5498494559571097,-0.31586661181117176,-0.4473223045620054,0.06901017332625498,-0.010403143866926565,17.36819246350318,-1.9642397417635398,228
7.773393639104725,1.183400785363658,-0.221310588306756,-0.9311654624966069,0.06918336783510748,-0.01384804676508478,17.344848423870605,-1.583044251552686,227
8.183556663377203,0.5860327193789554,-0.9311448542248607,0.02499147656839596,0.06776283476757199,-0.009316425901312908,17.10118080348698,-1.6566043481945156,226
7.747588866416429,1.0214896659328077,-0.6290538303100851,-0.7988714439868678,0.07182326187651364,-0.009071007322631436,17.302850766075036,-1.6085331929465876,225
8.145597691989307,0.6852548031198876,-1.3381043391346206,0.2602335819449896,0.06559241826731348,-0.004668566216008116,17.484320551649105,-2.027756613187724,224
6.988976474941116,1.1763097608267514,0.6440196885983118,-0.9516073285696552,0.07943020364270342,-0.02467571247906379,17.422444627458354,-1.8504751775476311,223
7.76434061889363,1.0650506760104037,-0.18870616904580637,-0.8640643718076172,0.07374868987760232,-0.020558895575159518,17.490353993963165,-1.6941611327003618,222
7.868883569123182,0.9540343617081559,-0.16746149725028484,-0.9757110776215874,0.06501374889878941,-0.010331751009388577,17.338377616833153,-1.7762391029293831,221
7.9410273674714444,0.7181000271075195,-0.4835573847848305,-0.17896211198980483,0.07028008014134744,-0.013833864401956891,17.338473377653365,-1.927127909930881,220
7.693640582378025,0.6220279355219994,0.3186384445049503,-0.3992750630565599,0.07032242017293198,-0.018713068425004052,17.56126324316884,-1.8940028660429866,219
7.543266169745963,0.8497871304468687,0.37057221277042224,-0.7205057226024959,0.07283476143837873,-0.02454956512262946,17.377140252737618,-1.7740866531232125,218
7.766170139839237,0.923980546648014,-0.11968776608405074,-0.479732765761696,0.0693463570312796,-0.016399362157984272,17.291729396477614,-1.6906063907735107,217
7.723512275380748,0.8494166991859122,-0.05118097903232392,-0.4413217201255903,0.07023101638002968,-0.014504127596526908,17.586403989361003,-2.1453312217317717,216
8.047485955153354,0.7717229302688413,0.13874537338558446,-0.6995617928557857,0.06728487287383249,-0.012991303080179229,17.483472027153205,-2.0605225430648035,215
7.634702945539783,0.9777811810151479,0.06656030809219524,-0.6446991932386481,0.07299129089293738,-0.018870790893434037,17.282368737875093,-1.6027953974045581,214
7.702606825866933,0.6442875502333109,-0.29632828554142754,0.08015327835807717,0.07102746553696426,-0.015370059089503656,17.533806848933995,-2.0883909307556796,213
8.288871999428839,0.7964195014934938,-0.8832138071569595,-0.5998423469503473,0.0664431864142995,-0.010872940542386213,17.59417502241735,-2.028489168564819,212
8.15047794418421,0.5276479139622199,-0.8988363237180824,-0.10583999945909106,0.06764491616788242,-0.008105263432237594,17.446862408535058,-2.1096151205228106,211
7.647867437073364,1.214255016982471,-0.360236516368584,-0.904564128806191,0.06824281397831757,-0.010329742009052132,17.30673701753897,-1.8562496726106874,210
7.45562148341266,1.1335208542661805,-0.2346892875633897,-0.6191186546753358,0.07221291447107071,-0.017138793833417418,17.325072602639356,-1.6506136787554202,209
7.446356185105516,0.9622447134808796,0.13916844421204547,-0.627820489246387,0.07447706990457144,-0.023286306686798097,17.54207174267335,-1.528520565706571,208
7.9729767204430955,1.1971515766164216,-0.6249404205166309,-1.029337646818646,0.06708436031015869,-0.009906800880083737,17.54278811832639,-2.0061653328527598,207
7.7006370258538714,0.8823979410219204,0.1029888313460847,-0.5375071140122828,0.06995094476269725,-0.020377634127794073,17.403166682480357,-1.6124716900981901,206
7.565558717567093,1.2153701563117394,-0.2875193554540187,-0.43932054717902846,0.07308309679895879,-0.015571251934762815,17.610559225775557,-1.9527388349021584,205
7.523950219660704,1.1681012523530951,0.018425481616717705,-0.9985367446014295,0.07151700172350042,-0.011535270689419674,17.74247454497725,-2.3790258663607102,204
7.792944281252673,0.7696309922516492,0.03949822609477789,-0.5546872950613554,0.07564568595935935,-0.021224950160313307,17.357714293610442,-1.743894000474395,203
7.877778231429701,0.8558261747661916,-0.28833296815307735,-0.45864323689356284,0.06879527112136359,-0.013858461236814007,17.401393235095227,-2.029625015000846,202
7.789612180891119,0.9467793236004768,-0.5557544888159066,-0.2670075711857271,0.0673559358279094,-0.010359187471285813,17.616373260205574,-1.937260213352412,201
7.572839446865097,1.3538658073316316,0.09613266992748296,-1.1919102834529085,0.06722103225778378,-0.012648601967788166,17.618140093862067,-1.63626159563575,200
7.615300664902993,1.107300747821425,-0.1265965428743184,-0.6287892766237653,0.07264171891356619,-0.017166414136100056,17.33414165904118,-1.8776280148814988,199
7.403770101721361,1.609873609788674,0.5006901129941433,-1.6407300710954453,0.0697618144464856,-0.013513024309568447,17.578333831739968,-2.0401260269563175,198
7.659850892642972,1.139227770172393,-0.09850345416223115,-0.7746599446482548,0.07030150069436207,-0.01705019213322461,17.382639230900804,-1.6353081551311686,197
7.543809438492606,1.046389340763544,-0.03560943988259419,-0.5582632376708686,0.07528250530380876,-0.017665519769677406,17.19044303417705,-1.6122669380469459,196
7.762123567588209,0.49952355043327,-0.1460233839664164,-0.07973599290435977,0.07578139848424134,-0.021377171875927796,17.30383271403204,-1.950927238399669,195
7.7870651730876315,0.8398362889989022,-0.28489980392161446,-0.2976473322606192,0.06910235429852735,-0.012745432262447834,17.576693296091946,-2.16217960099007,194
7.286387011778991,1.2184575977048293,0.7793127723807146,-1.4045033706622105,0.072048612766311207,-0.021455119290473647,17.240807813274834,-1.1062457887429353,193
7.892907511591543,0.779268864005734,-0.16041682866603862,-0.5983550424346006,0.068687057262471915,-0.014969455413966387,17.496497137196734,-1.7826740816628894,192
7.546234038401098,1.1443415170127444,0.41670859136020316,-1.0696297096349094,0.07265223595824899,-0.021861182802614332,17.237499261163958,-1.4530912900845387,191
7.456930056569504,1.1290992977793997,0.5019362613280308,-1.0616763389939237,0.06843835058925958,-0.015814817359619673,17.502768865621547,-1.929228857138627,190
7.590064778079797,0.7894903728408275,0.1288629921184682,-0.5137129988574964,0.07262933593125888,-0.01921920049261368,17.25331536262394,-1.758750974550885,189
7.630616648087778,1.1292465030033367,-0.00790821619044718,-0.7113676097537346,0.07317839054159896,-0.018001685078281683,17.4958875479521,-1.7551804158628581,188
7.930101188280795,0.8211236353415408,-0.24888230647020002,-0.28663552777136403,0.07144867034355754,-0.017920968444845614,17.403452362663245,-1.8073676560131595,187
7.761503071496085,1.036184600001623,-0.02297636792531027,-0.9827447880795233,0.07418747094703297,-0.020814513483890053,17.274427705733185,-1.8155847158298533,186
7.7315548161283365,0.8843530470476697,-6.879155334472901e-4,-0.7059294526771014,0.06977492398043643,-0.013806762569657157,17.28178300524155,-1.796228871227617,185
7.819216819003388,0.5170039389463533,-0.17207734591508317,-0.3811354826782475,0.06749199853884459,-0.01049329154738133,17.509330348390264,-1.9584749838132562,184
7.644375759817253,0.5406407762333434,0.1803161631911374,-0.26200840064016157,0.07140752302411668,-0.018514146651009318,17.481723408284893,-2.0858488105386934,183
8.342308952187745,0.9633854611394103,-1.1501786489355321,-0.5768352173262385,0.06474925389757023,-0.00760517757201887,17.370870631541308,-1.7401016002697618,182
7.891462368454434,1.2642381639971914,-0.4156290710986973,-1.2202757185794557,0.0694154906140649,-0.011676390535385514,17.2270951531113,-1.7644190874075485,181
7.797219722406968,1.1955097245019743,0.04218551593586059,-1.1722042364157155,0.07041659412359205,-0.017243095662657547,17.459221474271132,-1.8638639120682892,180
7.6388354283359,1.1468067950674943,0.01840969740170196,-0.9036247262900355,0.06799466933618252,-0.01490176726346588,17.399804884008514,-1.990129477321952,179
7.575845480366142,0.9219632458001005,-0.006831132266928016,-0.643859545945391,0.0758278540496908,-0.020094792653393343,17.498486137177284,-2.0352288442869577,178
7.845086345093173,0.7508267492070789,-0.22708063649719956,-0.375607731353412,0.06796558687251389,-0.013768866730959875,17.441811045178667,-1.9320517038330032,177
7.632842538170019,1.1338844258997967,-0.3242252090250264,-0.35686420788150147,0.07502380622151988,-0.015781816148527857,17.08338661404491,-1.656863253707142,176
7.554283309411549,0.8714221194007714,0.2831698326373811,-0.282126106959299,0.07221836850964404,-0.015647689167747267,17.257675594036176,-1.9844838261132798,175
7.759236018870537,0.8382410406046058,-0.028927349627098982,-0.9086954900192992,0.07283298768665883,-0.01720286615859268,17.03903036828398,-1.234429005504227,174
7.49858989956995,0.9008936324709615,-0.07125344771979798,-0.39062236971603925,0.07155838559943137,-0.014015339936318151,17.574788472971093,-2.254823601973343,173
7.895357860690286,0.9855277139773451,-0.2760464135349914,-0.8503892221037878,0.06854125934008291,-0.009988361293943916,17.317452589710783,-1.8159181560218678,172
7.446626669383029,1.0712469726624327,0.47466292799869586,-0.9998762441714899,0.07274898697344927,-0.019306461998300703,17.284632667998256,-1.7174798988923692,171
7.553822897791471,1.3241708122630775,0.01372752282261862,-0.833920780149814,0.07092035152761415,-0.013011255958018568,17.482132490038914,-1.9377098376001707,170
7.672109604667232,0.8124243080975011,0.02231972518550125,-0.7745240278105255,0.07229184346373849,-0.018229151556332056,17.547484766052918,-2.092983555043414,169
7.788327555699272,1.0017306427195911,0.17175249693969968,-0.8844869362961514,0.07039121188753543,-0.019681959790497257,17.135204884500215,-1.6712419522618682,168
7.867847945555868,1.1365059057383722,0.13738952278731917,-1.1104458762748637,0.06666879689942735,-0.012881241278254695,17.555769557907517,-2.1024214339355534,167
8.017224774611968,1.1191875581002446,-0.38690332542382383,-0.7923483010298811,0.06376086145112347,-0.010684859990333343,17.391555251616033,-1.708404507135587,166
7.56343546907564,1.1794685530767248,0.30339452234574754,-0.7934895149811156,0.0702958258037347,-0.01837162569475084,17.300166776053693,-1.5656827716026378,165
7.634197356245166,1.0372174987950957,0.11565274477677341,-1.150299816973447,0.07394275424241804,-0.01800968258202652,17.245508530700356,-1.5182061937052074,164
7.6238064962935566,1.0538705536316775,0.06357010236559749,-0.8707909319335005,0.07235396176915138,-0.01419347764923651,17.35905434629833,-1.8611056834765334,163
7.464721895312254,0.9694355359126772,0.23020709622004873,-1.1236453422393158,0.07316110353495621,-0.014472485427758246,17.37220556064897,-1.7186681480971213,162
7.617959885797951,1.1847549143649998,-0.35038243023635485,-0.5502599455116459,0.06845510107733839,-0.008215152987456998,17.51354850998674,-1.8601201852253741,161
7.643571081154124,1.4013541143323236,0.15695624633207667,-1.18909563637141,0.07131095110066976,-0.015509521877652529,17.35541870708644,-1.882544321091501,160
7.906992395169997,0.6724823079258776,0.0013273246810486042,-0.9095045695477398,0.0712798846660547,-0.01617133322514009,17.479735986627624,-1.9326350354269033,159
7.8894549763085635,1.2832250017133193,-0.19331626221221024,-1.0294860470363645,0.06910329158083471,-0.01715661286409109,17.438860341023496,-1.7310110224010398,158
7.658922989979823,0.782592500082929,-0.15994974683069774,-0.037958470370827745,0.0734030864223593,-0.015847349852561834,17.45868970731784,-2.0743424472353174,157
7.7454968837063944,0.892961037286383,-0.01570532009172188,-0.6795416915372458,0.06947599006088266,-0.014918615448014665,17.42709583277271,-1.61480239075643,156
7.53955398793339,1.2212206111946515,0.16141835979346253,-0.9744929658875408,0.07016475825835024,-0.014399199382992202,17.43192983571939,-1.624331184665363,155
7.667878105406432,1.2218889067720393,-0.07150238527023489,-1.1731697067894247,0.068137149409404,-0.01168872799744697,17.388488600218157,-2.0749957041777995,153
7.657378790630229,1.0894520731869446,-0.025046266770239727,-0.956212550717779,0.07201165838901302,-0.01496205854951651,17.25003292623963,-1.4439069135470044,152
7.785650706666088,0.8775328623730804,0.1362444115903981,-0.7833238531136255,0.07565672674751592,-0.023411735701392752,17.28400564139666,-1.4153304868428513,150
7.921302510155945,0.8122038406109369,-0.23917677952735378,-0.584271517596009,0.06896200109126695,-0.014534120074214521,17.36468642113461,-1.7772533459018218,149
7.494776896924571,0.8795762512096189,0.22749552638786416,-0.7532154665675127,0.07775974979547293,-0.024051484240029383,17.241594114235497,-1.6657701096684154,148
7.999343271485211,0.6792823034352673,-0.3831441762503935,-0.46810342010720885,0.07250752726649816,-0.01765555573312979,17.203341120574567,-1.5208317498033146,147
7.5809316664581194,0.9525177025818092,-0.19261649585637072,-0.14321272480874567,0.07141774501487573,-0.01519991005389974,17.226006884198185,-1.590863276743283,146
7.962609759686533,0.682688834280115,-0.5908063841751287,-0.49299073542306743,0.07127988524780654,-0.009127644369343605,17.467494699758284,-1.9679876046994567,145
7.867284522364414,0.9424631403524334,-0.3296677316043906,-0.7327034819401023,0.07143159718285531,-0.016280072605423482,17.164241117274823,-1.5996094147289168,144
7.78561420374674,0.5505154129313727,-0.21059567062914103,-0.23632033277123068,0.07285416445716814,-0.017929526012824236,17.19183228789659,-1.5873574801985904,143
7.234405645201897,1.4664245353741505,0.6061776260806957,-1.0608092846554198,0.07186010234204963,-0.02004596627807131,17.27495478731317,-1.9521218744451583,142
7.831374380271161,0.9146588742654039,-0.2521570896468843,-0.47710124899998396,0.06826066296410631,-0.011992597905791318,17.520701189375515,-2.180473826257285,141
7.754963170522162,0.8257564442857206,0.16214701720502744,-0.5549472868447342,0.06650810961546964,-0.016367145142671107,17.616897539858066,-1.8240485548027245,140
7.521919519250417,1.0841411752057246,-0.35256819891262275,-0.5669698118799417,0.07042157707845349,-0.010737222274529924,17.490524844970075,-1.8541864920513575,139
7.6524067411134515,1.0587574975875704,0.30056640866721923,-0.9520592988685119,0.07256430692238486,-0.021542409525340898,17.40120155771684,-1.5646788325151595,138
7.517365375464025,1.4132558568657956,-0.1030034841638275,-1.0187154504343878,0.06898055471914354,-0.009175371539679898,17.349147925761756,-1.984243511910585,137
7.581048610527615,1.1329087242775753,-0.19104733866917079,-0.6186521077670187,0.06943698375504923,-0.017232848851463884,17.492085466698704,-1.7182172907734068,136
7.736199295256607,0.9805703225791316,-0.3093466376698419,-0.6139860225788157,0.07323732124255979,-0.01472689200427872,17.598177478549673,-2.0314376464256187,135
8.165228029863295,0.6680375132286611,-0.5684816340888557,-0.35587182045853627,0.07054071850838455,-0.014135777377553062,17.495162792343386,-2.157705759980485,134
7.725308322881536,0.9506315659481919,-0.23888095896010683,-0.3619630051988626,0.07259659681427143,-0.017752422966378193,17.282553734826713,-1.5677463485646224,133
7.850250605992085,0.9249259868876687,-0.36229094821521135,-0.6225505627746697,0.07015795452093457,-0.005101333587643039,17.21818441122644,-1.890882413413312,132
7.7269409378447325,0.8121099359954449,-0.4107910407658149,-0.12660610316775905,0.0724796751221852,-0.013757886552551946,17.031960922933255,-1.3546897185794777,131
7.852678287548563,0.5987918551933056,-0.06518475136680549,-0.3779116970849807,0.07128864571684253,-0.016229457012247706,17.22553550183679,-1.7091873652149894,130
7.8757797068432565,0.9150916836035383,-0.14146659831163488,-0.9174302519558423,0.06878448780690556,-0.012560395653328999,17.481212819177042,-1.8638473068986612,129
7.6657788794949075,0.9336426427520854,0.1230789189493925,-1.0417950401136697,0.07050446884749441,-0.012095810169166993,17.224801733857433,-1.664463842720663,128
7.655507091159235,1.205566401176745,0.004567598641471012,-0.7643902101049601,0.07433298610568412,-0.019969734334486608,17.37528566979843,-1.834325613624401,127
7.27580330085629,1.4284914354943885,0.01981976159177025,-1.2915499618943747,0.07671585428202338,-0.011788779192622136,17.32585479586906,-2.0333108112875746,126
7.60997561901377,0.6925157427183253,0.18764630285570907,-0.6441540382726871,0.07621170229157373,-0.02030478944626736,17.294419893940955,-2.0192800446322283,125
7.96687211963073,0.6493461288874521,-0.2759675150039546,-0.6706016074981842,0.07018957195431498,-0.014469604725479344,17.376434821239318,-1.774115938591983,124
8.00363534206067,0.9751706988473375,-0.3850438151590294,-0.35532910134570533,0.06673669793217435,-0.01329375379473745,17.527114930316557,-1.9263894735642748,123
7.626356079451259,0.7097070427670793,-0.023720778253270677,-0.1107902814106502,0.0727848160339885,-0.01503733372012696,17.375113023549897,-1.9118556556948159,122
7.493095744581424,1.39485690206156,0.1688206362719422,-0.8998539134331262,0.07249249307508153,-0.017842197336024133,17.36796548549979,-1.6633383505820192,121
8.234053961345449,0.7681413412702656,-0.5892208961880137,-0.654576302917059,0.06721085275169772,-0.007204419760640972,17.583102017136753,-2.340015282224765,120
7.571563957616945,1.0639920552697506,0.49598883948476735,-1.0147340968011516,0.07138127051058195,-0.017576518028909992,17.14676802093696,-1.7565235618462471,119
7.368578168309836,1.267781055129017,0.4843424278700257,-0.7527573874073115,0.07424506718353867,-0.02216330217062957,17.379599325050428,-1.8615300757986937,118
7.744636652567066,1.2261171173421799,0.16159651705648606,-1.270612234238246,0.06827825954461944,-0.011614367015028292,17.489261448656244,-1.9468560374930675,117
7.792464019838578,1.0294603929288733,-0.08658951553902865,-0.8996795883286529,0.06687511665558059,-0.008883390989768317,17.481280224550716,-2.4095531511048796,116
7.47917054353608,0.9040106589643131,0.21263054630613634,-0.45932607150410126,0.07193417231776891,-0.01756899788900353,17.445356443575193,-1.7323024296392875,115
7.757670711905981,1.0134185759221503,0.24920225231294116,-0.8496748860965161,0.06995572244240668,-0.019580826656251982,17.07762186963818,-1.528449745436368,114
7.726849125793702,1.4216037932397045,-0.1870403329339459,-0.9705803103707752,0.07078914108919683,-0.012862537298962164,17.3152315057561,-1.937926291145944,113
7.793212298903708,0.8724175297346901,-0.1903350477664643,-0.43676903450154014,0.07088561498372853,-0.011011872270832924,17.235001611079475,-1.7450420995191884,112
7.802340652133887,0.8347609247996306,-0.07396993280578523,-0.8889047521080079,0.07086783734977584,-0.017015026117649046,17.313178164534076,-1.748342981432696,111
7.434091802838419,1.1872288480678215,0.1621545535642962,-1.0597456017981786,0.07426787086282007,-0.017113958639557357,17.409005685608854,-1.9673083876512643,110
7.773061280712339,1.0496414198725001,-0.3110835232688988,-0.6003926694044351,0.07053737028365369,-0.014612635323807088,17.243663412383185,-1.6905149326074786,109
7.388074473223963,1.1750405024130515,0.215052999599069,-0.8410922284214247,0.07709538447793705,-0.020552780470815192,17.165137494951562,-1.2610473924178864,108
7.554828489489153,1.1963351949103336,0.16887283815139814,-1.2759752340904753,0.07150154269171592,-0.013932737744943934,17.619885450635923,-2.259591103418596,107
7.565153700956885,1.154844520698809,0.08913886464046455,-0.9856790781357329,0.07457180159799914,-0.02014056914427862,17.258874226288192,-1.5530430532465023,106
7.447196320228822,1.208906087621322,0.2682286255377701,-0.9583791536283414,0.07468261089785466,-0.021077670787977298,17.366532130877083,-1.6807353578789317,105
7.6362837258029455,1.0892636812653533,0.13305063563319336,-0.9789588026956192,0.07157962294649865,-0.015533124840217637,17.813569494653958,-2.4521749397631103,104
7.751956063896811,1.1677542190918306,0.1398892664759395,-1.1075563639089343,0.06641333710060109,-0.011499171055649522,17.79841772421257,-2.131118062752315,103
8.170015294728557,0.7658976973674719,-0.2680456664258891,-0.6090205001017722,0.06678041072147689,-0.016001668971081903,17.405060670886453,-1.7757825178413693,102
7.505309720171211,0.9561952411550979,0.44281704337191474,-0.4869972471099455,0.07154994381504834,-0.021001633215500196,17.578131939410586,-2.2307122363970073,101
7.86552538710906,0.4427905890308571,-0.3429328729095995,-0.20786656310686621,0.0687634813710095,-0.013576080370499621,17.62013857750263,-2.035878270682115,100
7.586854134441538,1.1566428330893954,-0.2589152964168339,-0.8420960592155458,0.07560093337056771,-0.018144094956113504,17.508930962666962,-2.0407780555190325,99
7.7034833178067075,0.7683796881856785,0.2397138060409008,-0.7750535329033079,0.06992600590940233,-0.01600399421683422,17.43522736703304,-1.9574242744699792,98
7.877986063234335,1.0759631116761745,-0.3913720105449529,-0.6922228855198546,0.06937376742936345,-0.012553044428921892,17.54308667442449,-1.8761069400979369,97
7.595072944874439,1.1106738497906432,0.03849701784875118,-0.7184302052497483,0.07105728348514037,-0.014384710813170566,17.32623944346881,-2.0803009574649782,96
7.808579502807215,0.9611354783385255,-0.01576043271028651,-0.6012286233615707,0.06743785698302747,-0.01389241480372742,17.68550793937065,-2.4965658452939636,95
7.556781209815704,1.1902535390663493,0.0796258253102134,-0.6856573606576482,0.07494691936065338,-0.021734358485941744,17.129368614350337,-1.126134998922931,94
7.8632452881370645,0.9923962323912241,-0.3879714601467397,-0.6925438191418396,0.06901690098700719,-0.01180669880703307,17.588195943343404,-2.0264732799527914,93
7.94372882301427,1.042030916415959,-0.2109947956733201,-0.8644977418891149,0.07040661169927503,-0.013548507842669673,17.404417407523372,-2.177575220200759,92
7.753114207563671,0.8951907743724085,0.015012956986254926,-0.7444243898448988,0.0701290586497575,-0.012881545664678482,17.53846257298645,-2.1616587232410374,91
8.344658276441779,0.5902626793933331,-0.7740206418964762,-0.3358163995542034,0.07019459999442096,-0.014026599730098817,16.96458316838649,-1.5611721972910089,90
7.756371389359471,0.8139541352811605,-0.021555218959961587,-0.6066889477985734,0.070548393307454,-0.017203619812763797,17.56279701006045,-1.9572809642512172,89
7.743573509887858,1.0230070101518751,-0.18447150091992817,-0.8903580814035595,0.07317659478970745,-0.013865981536836491,17.246663543303537,-1.7448710964570204,88
7.385356648946072,1.4502389424742164,0.15409275453269905,-1.0835232689569974,0.07307463534626629,-0.014185609187765917,17.331224196183474,-1.9644148772907795,87
7.914691946940056,0.564309759853292,-0.871259877190727,0.3153732627004243,0.07095888563218654,-0.012320315374730282,17.22237941358334,-1.6993018533817486,86
7.772767725593906,0.9720542836782029,0.24260223862429683,-1.0537834716076064,0.07233216169246923,-0.018522584222032554,17.304949244874116,-1.5147887969976228,85
7.811661759603032,0.9636325267294382,0.07145669195669292,-0.756198470456155,0.06843874135988799,-0.014111844003141352,17.416412916622374,-1.9256119436227321,84
7.354595257849751,1.328855548768605,0.7643011281402922,-1.3241039328635367,0.0733522899628237,-0.019463643031120373,17.263330877437017,-2.038510169202824,83
7.961261194845431,1.0760827327844384,-0.40705682811923183,-0.7182416400673023,0.06699088735351956,-0.008357597782484042,17.32829619813345,-1.9330466459955629,82
7.7384826604881685,1.0007450842558754,-0.18901541751764278,-0.6073514953251545,0.06913215271188138,-0.014317953167842953,17.362134058840887,-1.8644040614834838,81
7.8068641632789735,0.9709321648212825,0.07323999107489157,-0.5544619888963713,0.07238801122575432,-0.022728175119762425,17.394783732251415,-1.6702441286604133,80
8.246285234317854,0.7779571621490525,-0.5310817601123744,-0.8448085826623185,0.06706489217201529,-0.010413264615307357,17.46026479903402,-2.067304889608588,79
7.868379394708856,0.8212854137009161,0.03684060937733144,-0.7232038919139211,0.07093961206268003,-0.020621878812966767,17.405506158706267,-1.5007870652578137,78
7.538757887851615,1.084498218309939,0.004618816894444705,-0.7656505407333973,0.07006521558514762,-0.009474696703331705,17.639547829094305,-2.115154587035025,77
7.633893919078845,1.047410485835705,-0.10548564947325058,-0.4967226296088551,0.06946922987038033,-0.015643314710972567,17.675243035351933,-2.0427745611583528,76
7.444564959108903,1.3676453482107147,0.29319865063683576,-0.9934903211974105,0.06885221683667714,-0.01388086921882545,17.569862585152627,-2.1460803355495037,75
8.025602304661687,1.2478814411178762,-0.636603399146109,-1.248135705040505,0.06490855379906318,-0.007135588012909477,17.675101861005448,-2.130600673167914,74
7.688259069021818,1.0114964636653592,0.08970323129751323,-0.8021148461276854,0.07083639040538693,-0.015225227129369476,17.32670519474604,-1.8713168292343114,73
7.492848906657504,0.9680225185916841,0.4277871491713821,-0.7427695957454925,0.07446100513651342,-0.022204043601509512,17.68557831207731,-2.038125123916229,72
7.6731868556244835,1.2258386528192031,0.13296158227511473,-1.2128637994545632,0.07109834838459617,-0.019462892854648667,17.044286616759724,-1.1965968700239857,71
7.299535272189552,1.458810525960476,0.592325872513378,-1.070921246865873,0.07429308806735156,-0.018737022776512378,17.384708590043953,-1.9206495995890722,70
8.005103907892561,1.0977610119975179,-0.6960649659203413,-0.9170283487079877,0.06464328830598177,-0.005716210023826789,17.60306567584983,-1.8995209547527494,69
7.710869729378413,1.3117822481205745,0.3384139422929844,-1.0979741487870363,0.07153706495485951,-0.018382286744687646,17.293660945039136,-2.058770499888356,68
8.03688813160687,0.951314490322168,-0.29997430354935445,-0.5554342598708458,0.067449229417304,-0.013886010755062395,17.242294816864458,-1.6666103309751632,67
7.744815687675851,1.0391968746457765,-0.020320067788618938,-1.1587412794875607,0.06883977290270618,-0.014226943607436579,17.617947422215533,-1.9349629075554369,66
7.790271082417452,1.3429494787801397,-0.2287399733568422,-0.6459494740882229,0.06878145585758638,-0.012555675825512053,17.36218456715598,-2.145699186727851,65
8.055961602562213,0.5804186044688028,-0.5404287929938063,-0.34456219891356293,0.0708917389783736,-0.014327386609355402,17.733189038958738,-2.185981719297128,64
7.577708713074989,1.1258651695584163,0.10946098788145839,-0.9208732509269388,0.07154483703605152,-0.018082484611212552,17.24278374214289,-1.7006567180887666,63
7.690553173669076,1.0562029771527315,-0.05762584591020203,-1.04958689813444,0.0723237910953473,-0.015685862849164692,17.323447059077964,-1.8457896860030987,62
7.292230284856263,1.020687963434568,0.5045062832985542,-0.9597040620878179,0.07487904914697097,-0.018915526485118548,17.40878086472228,-1.866189292712057,61
7.736698564862233,1.3129485245406038,-0.1789013231526634,-0.9526523078984653,0.06768060960161672,-0.013137129175996728,17.476290578759333,-1.7862688443989105,60
7.835999629623299,0.7629042864039468,-0.054632450151407025,-0.5848846629119824,0.06966710381725937,-0.01830807220744973,17.433862511424323,-1.3028709768092603,59
7.470581547029565,0.997237799978232,0.25480474165042827,-0.908614034473291,0.07526652104946586,-0.016096532633794448,17.433242869679688,-2.0153092695030783,58
7.834560648994447,1.0248784805234799,-0.5745579928545038,-0.655858249786664,0.07031259677410759,-0.009792048750195664,17.321501876226158,-1.9618486506122,57
7.402302330864984,1.3620525908060146,0.51582776090311,-1.4886291354314165,0.07484118401651825,-0.02141321924371041,17.36600338016291,-1.6951015888197718,56
7.666312791645475,0.9806964725211168,-0.09889559974631303,-0.42763742754679057,0.06867410022299814,-0.01430763968042474,17.61095727836433,-2.008330082741717,55
7.7732534689567085,1.0338327677412003,-0.18000542034270017,-0.9069227494679835,0.07064513577716576,-0.014030622395726442,17.30432385511089,-1.8257578862852428,54
8.0116285353611,0.9124662752977929,-0.34540237839905635,-0.3809296982609246,0.06942198856303941,-0.016329979482164254,17.24782371416198,-1.71905386132904,52
7.765570115110282,0.9831022843563065,-0.4562557637369409,-0.384324876086435,0.07025940609656647,-0.01222786551648764,17.31603825663421,-1.7947543421210657,51
7.751179648912349,0.6522484832493571,0.16628032212539495,-0.4212246850507624,0.07577008055456239,-0.022481745120225802,17.258999228971216,-1.6176385560616655,50
7.522837971721615,1.107605714036986,0.4498204685585636,-0.9475084365876624,0.07059381672923441,-0.01592255503624759,17.569822418102632,-2.0398511635128393,49
7.637558992457306,1.1881611595536472,-0.4315698973610406,-0.8309343026416481,0.07415384752154987,-0.014385354604861594,17.321177028677955,-1.9453670058635388,48
7.95308823893952,0.8767357429447765,0.19629606673158045,-0.8858251894011454,0.07138473453762403,-0.022350149775025217,17.28297948159051,-1.6122160140815085,47
7.572655139208679,1.0766991428655734,0.10056044289843365,-0.8283976401201785,0.07090304092118771,-0.01665457922670876,17.394766436386746,-1.885304402058732,46
7.979369284369304,1.1270482186268271,-0.20366424500817157,-0.8637597907780944,0.06740532436258649,-0.014713226754494414,17.3715671380493,-1.5327773349508989,45
7.886175309516032,0.6172159527657036,-0.2409967962817375,-0.6839391317664342,0.0721968922588522,-0.014616496478583905,17.135383280230975,-1.737370277863127,44
7.645646758549182,0.7921326123466548,0.05710268329869733,-0.7076473021720725,0.07434633996888204,-0.021024744230871462,17.408954733671983,-1.4914520154417168,43
7.564173790013038,1.0319712323410335,0.08557166238827592,-0.531483644536189,0.06949490559373837,-0.012303313322235856,17.330280037875024,-1.9321345519740336,42
7.868052440880215,1.1517911664779512,-0.5715418488371625,-0.5150747412990779,0.07001317224747337,-0.0126495868555195,17.43697482755815,-2.2613432478493296,41
7.097138783934105,1.7237225156977183,0.472416610481697,-1.6071793916068973,0.07389728454033613,-0.016550913971510536,17.09146715046367,-1.6867645085690457,40
7.773394518753626,0.909223772025854,0.1837564640803878,-0.6844295377684769,0.07088516367479428,-0.01725366892927822,17.214229899855557,-1.6618900474723481,39
7.760986831461941,1.171168120472017,-0.128907390618611,-0.8597140035798616,0.07271560559625138,-0.016043388637886524,17.3123252404796,-1.7101542419543336,38
7.8194486870040345,1.1444360422747921,-0.2260701802349456,-0.8762396354772463,0.06815732405519404,-0.011417397839510632,17.41968391487421,-1.8261591515671705,37
7.48047974068903,1.2155166907349368,0.21879749502989637,-1.0073421484263125,0.07502533562958334,-0.0188148099617015,17.41723398540087,-1.816563460524732,36
7.649979497770617,0.9163708866273775,0.04813125439606226,-0.9702252544892608,0.07483041414418679,-0.019528570952885512,17.3987986789023,-1.91684150828803,35
7.9724564544305325,1.0185958113466271,-0.434931592845853,-0.9122407857484507,0.06842423816446956,-0.009890280117808641,17.518280643848623,-2.173237564675385,34
7.555623655318665,1.0610139326835348,0.10778273651905575,-0.48808898698584224,0.07173805920125373,-0.015604101452575871,17.386532932654486,-2.0518662936004333,33
7.425157517751858,1.103219786092468,0.07843081118064782,-1.047418463049368,0.07445431707410052,-0.01740748161420591,17.25304103450144,-1.8999521531872297,32
7.545506409998211,1.2731097034874432,-0.1543594355189024,-0.8098294308486884,0.07303247377200987,-0.01696344989080587,17.33177623436952,-1.8088747941797925,31
7.802573641970309,0.9389202431039818,-0.09684170104942949,-0.5290490805369257,0.06996581663362907,-0.015288710641955762,17.36289359910314,-1.824683202660355,30
7.624002137986612,1.042313738284363,0.48953791640758265,-0.8332627913447094,0.07168683129175937,-0.023626342014008376,17.372107629760198,-1.7161847000660697,29
7.482363532032461,1.2041194784574032,-0.18187449435412031,-0.9101676885109882,0.07297636152681267,-0.013731369380784696,17.103884643428643,-1.4263730986338328,28
7.684622945908346,0.6956064829332235,0.16633659963267156,-0.7693065072834974,0.07069096368934591,-0.015633268911036245,17.402878863656333,-1.6632377845457522,27
7.526370668799431,1.2112549904276593,0.2016204076550933,-1.1763937298643659,0.07167283947141075,-0.01887481144065933,17.09085207799642,-1.2996729169413024,26
7.568541213395484,1.0895274219591295,0.0937413740957997,-0.4869967946119826,0.06912125661207462,-0.017475704139538875,17.458413199304488,-1.712380785571303,25
7.834296615332554,1.0819417501167952,-0.45085522146437385,-0.9619004334998005,0.06873727462284973,-0.0072708730796108584,17.35091926926213,-1.9539859249890692,24
7.936668899700058,0.8307478677924348,-0.17741743200283086,-0.6616776067344102,0.07076826924936899,-0.01812998638533952,17.523532920595912,-1.8487171035083192,23
7.904916011935511,0.6607055690481403,-0.28341107380087466,-0.5698163349977615,0.06962210194493088,-0.016007460307356315,17.485504705650712,-1.8345445501577906,22
7.829519274825081,1.1167016815959432,-0.1896870334136603,-0.7574584976345329,0.06798836578158791,-0.012972764118958592,17.572284619249565,-2.2897066034898357,21
7.585679742315294,1.0629881676745045,0.07949139456566401,-0.9966442323920267,0.0736833956084943,-0.01643468108841693,17.366649047657926,-1.952487817020414,20
7.509651226649435,1.0666669051007067,0.1517786344869807,-0.776500170548883,0.07153976534812445,-0.017964139782747707,17.68435907811905,-2.0528324970188394,19
7.805771287365873,1.0128842500621646,-0.2854434588961828,-0.5853746546515001,0.07035317955381498,-0.012683551013645322,17.55637986125443,-2.2827379550814757,18
7.8237546179926305,1.0370092677310643,-0.06748488689890872,-0.9630816082317543,0.07004309284510364,-0.015355295264607745,17.53207707000559,-1.9312388660198685,17
7.235496603403207,1.6527821094382524,0.3587260553003603,-1.1422920284843767,0.07318888358633235,-0.021196344905787087,17.460264179916113,-1.757527316079357,16
7.670002997133956,0.8615905680862228,-0.06162595026797199,-0.6337635839835201,0.07465091364373128,-0.02175644886919898,17.277004122569302,-1.3506746532178169,15
7.781378649591312,0.7420372535956969,-0.14259799623089287,-0.6212273442539299,0.0724699490312034,-0.014220299649684597,17.47488323543726,-2.1621419096614276,14
7.874920053835556,0.6275943861818654,-0.2757662605723039,-0.07394861406091267,0.06920592520928942,-0.01398329170264087,17.51730433741359,-2.1166344340570995,13
7.589350757435918,1.0966371966514077,0.35470847814465517,-0.9221746788105474,0.0697470206103953,-0.020557202311657224,17.6646134790672,-1.8085270415530033,12
7.676976203913815,0.7146138157399552,-0.07991467190620362,-0.44495501627095707,0.07251784720498246,-0.01799770096211445,17.551356151832916,-1.976165010247543,11
7.585436762852908,1.2550173758341963,-0.0030587708758639327,-1.0618752593945742,0.07357195093610491,-0.018014615888446245,17.13284889232755,-1.541004169537793,10
7.652957712441731,1.0171308623617559,0.004316267135204192,-0.40927905777697676,0.06938102293924879,-0.01174093602358535,17.231542360217176,-1.9442832244470103,9
7.553492733079975,1.0902521784313681,-0.045525868174129354,-0.9333803008671385,0.07120985474346186,-0.015611996668218065,17.451718678050888,-1.9254820900661351,8
8.037626615867572,0.6898249124643613,-0.5549866069186872,-0.10624884277258148,0.06789695193746106,-0.01329983681281134,17.4887233003856,-1.832691599725173,7
7.719589845837354,0.8402442963059248,0.018490296239716777,-0.5276981702514628,0.07190597356676072,-0.017773357171646093,17.401184339147584,-1.5816422573709001,6
7.592316638850421,0.901635521655017,0.24807746846646722,-0.6534529917226708,0.071758116579331,-0.01825772596166233,17.467990564263534,-1.7105449096901286,5
7.609622342675037,1.1852418507676086,-0.09611840878408794,-1.0105604595904145,0.06984618353243517,-0.01218480567804707,17.340015459998405,-1.784124529862508,4
7.724262126075708,0.7152126224414793,-0.28393213435188097,-0.47700409959481815,0.0716374081383439,-0.013343635648787919,17.476647317528087,-1.9278394759022415,3
7.5138254039046695,1.020150149499979,0.4566224105527046,-1.293766361724268,0.07439416936948602,-0.02117249720265277,17.212857859819533,-1.6708881989506443,2
7.383103945203785,1.407994090851051,0.2607235633112757,-1.3719475262151914,0.07424309801157442,-0.017724609770524726,17.465778563670444,-1.842560564702767,1
7.710065308864151,0.989536210690646,-0.05910676110175983,-0.7001112091452475,0.07216870575107852,-0.01718468200447186,17.447610997695758,-1.899862842497086,0
